v183ciuo,ciuolabel,ciuo1diglabel,ciuo3cat,ciuolabel_color,ciuo1diglabel_color,ciuo3cat_color,n_obs,total_workers_weighted,income_mean,income_std,income_median,female_pct,male_pct,public_sector_pct,nivel_ed_mean,nivel_ed_std,age_mean,age_std,age_median
10000,Oc. Militares,0. Oc. militares,3. Trabajadores manuales,"(0.001462, 0.000466, 0.013866, 1.0)",#333333,#17becf,0.0,,,,,,,,,,,,
10001,Of. FF.AA.,0. Oc. militares,3. Trabajadores manuales,"(0.001462, 0.000466, 0.013866, 1.0)",#333333,#17becf,0.0,,,,,,,,,,,,
10002,Suboficiales FF.AA.,0. Oc. militares,3. Trabajadores manuales,"(0.001462, 0.000466, 0.013866, 1.0)",#333333,#17becf,0.0,,,,,,,,,,,,
10003,Miemb. FF.AA n/c,0. Oc. militares,3. Trabajadores manuales,"(0.001462, 0.000466, 0.013866, 1.0)",#333333,#17becf,0.0,,,,,,,,,,,,
10011,Of. FF.AA.,0. Oc. militares,1. Trabajadores  no manuales,"(0.001462, 0.000466, 0.013866, 1.0)",#333333,#cccccc,0.0,,,,,,,,,,,,
10021,Suboficiales FF.AA.,0. Oc. militares,3. Trabajadores manuales,"(0.001462, 0.000466, 0.013866, 1.0)",#333333,#17becf,0.0,,,,,,,,,,,,
10031,Miemb. FF.AA n/c,0. Oc. militares,3. Trabajadores manuales,"(0.001462, 0.000466, 0.013866, 1.0)",#333333,#17becf,0.0,,,,,,,,,,,,
10110,Of. FF.AA.,0. Oc. militares,1. Trabajadores  no manuales,"(0.003299, 0.002249, 0.024239, 1.0)",#333333,#cccccc,1.0,1.0,,,,0.0,100.0,100.0,,,,,
10210,Suboficiales FF.AA.,0. Oc. militares,3. Trabajadores manuales,"(0.007676, 0.006136, 0.046836, 1.0)",#333333,#17becf,0.0,,,,,,,,,,,,
10310,Miemb. FF.AA n/c,0. Oc. militares,3. Trabajadores manuales,"(0.013995, 0.011225, 0.071862, 1.0)",#333333,#17becf,12.0,12.0,,,,0.0,100.0,91.67,,,,,
11000,Dir. Y Ger.,1. Gerentes y directivos,1. Trabajadores  no manuales,"(0.09299, 0.045583, 0.234358, 1.0)",#374E55,#cccccc,0.0,,,,,,,,,,,,
11100,Dir. Admin. Pública,1. Gerentes y directivos,1. Trabajadores  no manuales,"(0.110536, 0.047399, 0.262912, 1.0)",#374E55,#cccccc,0.0,,,,,,,,,,,,
11110,Miemb. Poder judicial,1. Gerentes y directivos,1. Trabajadores  no manuales,"(0.110536, 0.047399, 0.262912, 1.0)",#374E55,#cccccc,0.0,,,,,,,,,,,,
11111,Miemb. Poder legislativo,1. Gerentes y directivos,1. Trabajadores  no manuales,"(0.110536, 0.047399, 0.262912, 1.0)",#374E55,#cccccc,3.0,3.0,,,,33.33,66.67,100.0,,,,,
11112,Direct. Adm. Pública,1. Gerentes y directivos,1. Trabajadores  no manuales,"(0.110536, 0.047399, 0.262912, 1.0)",#374E55,#cccccc,0.0,,,,,,,,,,,,
11113,Jefes de pequeñas poblaciones,1. Gerentes y directivos,1. Trabajadores  no manuales,"(0.110536, 0.047399, 0.262912, 1.0)",#374E55,#cccccc,0.0,,,,,,,,,,,,
11114,Dir. Org. Interés especial,1. Gerentes y directivos,1. Trabajadores  no manuales,"(0.110536, 0.047399, 0.262912, 1.0)",#374E55,#cccccc,1.0,1.0,,,,100.0,0.0,100.0,,,,,
11120,Ger. Generales,1. Gerentes y directivos,1. Trabajadores  no manuales,"(0.110536, 0.047399, 0.262912, 1.0)",#374E55,#cccccc,1.0,1.0,,,,0.0,100.0,0.0,,,,,
11200,Dir. adm. y com.,1. Gerentes y directivos,1. Trabajadores  no manuales,"(0.122908, 0.047536, 0.281624, 1.0)",#374E55,#cccccc,0.0,,,,,,,,,,,,
11210,Dir. adm. y serv.,1. Gerentes y directivos,1. Trabajadores  no manuales,"(0.129285, 0.047293, 0.290788, 1.0)",#374E55,#cccccc,0.0,,,,,,,,,,,,
11211,Dir. Financieros,1. Gerentes y directivos,1. Trabajadores  no manuales,"(0.129285, 0.047293, 0.290788, 1.0)",#374E55,#cccccc,0.0,,,,,,,,,,,,
11212,Dir. RR.HH.,1. Gerentes y directivos,1. Trabajadores  no manuales,"(0.129285, 0.047293, 0.290788, 1.0)",#374E55,#cccccc,0.0,,,,,,,,,,,,
11213,Dir. Pol. y planificación,1. Gerentes y directivos,1. Trabajadores  no manuales,"(0.129285, 0.047293, 0.290788, 1.0)",#374E55,#cccccc,0.0,,,,,,,,,,,,
11219,Dir. Servicios n/c,1. Gerentes y directivos,1. Trabajadores  no manuales,"(0.129285, 0.047293, 0.290788, 1.0)",#374E55,#cccccc,0.0,,,,,,,,,,,,
11220,Dir. Ventas y com,1. Gerentes y directivos,1. Trabajadores  no manuales,"(0.129285, 0.047293, 0.290788, 1.0)",#374E55,#cccccc,0.0,,,,,,,,,,,,
11221,Dir. Ventas y com,1. Gerentes y directivos,1. Trabajadores  no manuales,"(0.129285, 0.047293, 0.290788, 1.0)",#374E55,#cccccc,2.0,2.0,,,,50.0,50.0,0.0,,,,,
11222,Dir. Publicidad y rel públicas,1. Gerentes y directivos,1. Trabajadores  no manuales,"(0.129285, 0.047293, 0.290788, 1.0)",#374E55,#cccccc,0.0,,,,,,,,,,,,
11223,Dir R&D,1. Gerentes y directivos,1. Trabajadores  no manuales,"(0.129285, 0.047293, 0.290788, 1.0)",#374E55,#cccccc,1.0,1.0,,,,0.0,100.0,0.0,,,,,
11300,Dir. Producción,1. Gerentes y directivos,1. Trabajadores  no manuales,"(0.142378, 0.046242, 0.308553, 1.0)",#374E55,#cccccc,0.0,,,,,,,,,,,,
11310,Dir. Prod agropecuaria,1. Gerentes y directivos,1. Trabajadores  no manuales,"(0.142378, 0.046242, 0.308553, 1.0)",#374E55,#cccccc,0.0,,,,,,,,,,,,
11311,Dir. Prod agropecuaria,1. Gerentes y directivos,1. Trabajadores  no manuales,"(0.142378, 0.046242, 0.308553, 1.0)",#374E55,#cccccc,1.0,1.0,,,,100.0,0.0,0.0,,,,,
11312,Dir. Prod pisicultura,1. Gerentes y directivos,1. Trabajadores  no manuales,"(0.142378, 0.046242, 0.308553, 1.0)",#374E55,#cccccc,0.0,,,,,,,,,,,,
11320,"Dir. Ind manufacturera, minería",1. Gerentes y directivos,1. Trabajadores  no manuales,"(0.149073, 0.045468, 0.317085, 1.0)",#374E55,#cccccc,0.0,,,,,,,,,,,,
11321,Dir. Ind manufacturera,1. Gerentes y directivos,1. Trabajadores  no manuales,"(0.149073, 0.045468, 0.317085, 1.0)",#374E55,#cccccc,4.0,4.0,,,,25.0,75.0,0.0,,,,,
11322,Dir. minería,1. Gerentes y directivos,1. Trabajadores  no manuales,"(0.149073, 0.045468, 0.317085, 1.0)",#374E55,#cccccc,1.0,1.0,,,,0.0,100.0,0.0,,,,,
11323,Dir. emp. construcción,1. Gerentes y directivos,1. Trabajadores  no manuales,"(0.149073, 0.045468, 0.317085, 1.0)",#374E55,#cccccc,1.0,1.0,,,,0.0,100.0,0.0,,,,,
11324,"Dir. emp. abastecimiento, distribución y afines",1. Gerentes y directivos,1. Trabajadores  no manuales,"(0.149073, 0.045468, 0.317085, 1.0)",#374E55,#cccccc,1.0,1.0,,,,100.0,0.0,0.0,,,,,
11330,Dir. serv. IT,1. Gerentes y directivos,1. Trabajadores  no manuales,"(0.149073, 0.045468, 0.317085, 1.0)",#374E55,#cccccc,1.0,1.0,,,,0.0,100.0,100.0,,,,,
11340,Dir. serv. profesionales,1. Gerentes y directivos,1. Trabajadores  no manuales,"(0.149073, 0.045468, 0.317085, 1.0)",#374E55,#cccccc,0.0,,,,,,,,,,,,
11341,Dir. Cuidados infantiles,1. Gerentes y directivos,1. Trabajadores  no manuales,"(0.149073, 0.045468, 0.317085, 1.0)",#374E55,#cccccc,0.0,,,,,,,,,,,,
11342,Dir. serv. salud,1. Gerentes y directivos,1. Trabajadores  no manuales,"(0.149073, 0.045468, 0.317085, 1.0)",#374E55,#cccccc,4.0,4.0,,,,100.0,0.0,25.0,,,,,
11343,Dir. Cuid. Pers edad.,1. Gerentes y directivos,1. Trabajadores  no manuales,"(0.149073, 0.045468, 0.317085, 1.0)",#374E55,#cccccc,0.0,,,,,,,,,,,,
11344,Dir. bienestar social,1. Gerentes y directivos,1. Trabajadores  no manuales,"(0.149073, 0.045468, 0.317085, 1.0)",#374E55,#cccccc,0.0,,,,,,,,,,,,
11345,Dir. Serv. Educación,1. Gerentes y directivos,1. Trabajadores  no manuales,"(0.149073, 0.045468, 0.317085, 1.0)",#374E55,#cccccc,14.0,14.0,,,,78.57,21.43,92.86,,,,,
11346,Ger bancos y serv financieros,1. Gerentes y directivos,1. Trabajadores  no manuales,"(0.149073, 0.045468, 0.317085, 1.0)",#374E55,#cccccc,2.0,2.0,,,,0.0,100.0,100.0,,,,,
11349,Dir. serv. profesionales,1. Gerentes y directivos,1. Trabajadores  no manuales,"(0.149073, 0.045468, 0.317085, 1.0)",#374E55,#cccccc,2.0,2.0,,,,0.0,100.0,50.0,,,,,
11400,Ger. Hoteles y restaurantes,1. Gerentes y directivos,1. Trabajadores  no manuales,"(0.162689, 0.043554, 0.333277, 1.0)",#374E55,#cccccc,0.0,,,,,,,,,,,,
11410,Ger. hot. y rest.,1. Gerentes y directivos,1. Trabajadores  no manuales,"(0.162689, 0.043554, 0.333277, 1.0)",#374E55,#cccccc,0.0,,,,,,,,,,,,
11411,Ger. Hoteles,1. Gerentes y directivos,1. Trabajadores  no manuales,"(0.162689, 0.043554, 0.333277, 1.0)",#374E55,#cccccc,5.0,5.0,,,,60.0,40.0,0.0,,,,,
11412,Ger. Restaurantes,1. Gerentes y directivos,1. Trabajadores  no manuales,"(0.162689, 0.043554, 0.333277, 1.0)",#374E55,#cccccc,6.0,6.0,,,,50.0,50.0,0.0,,,,,
11420,Ger. Com. Por mayor,1. Gerentes y directivos,1. Trabajadores  no manuales,"(0.162689, 0.043554, 0.333277, 1.0)",#374E55,#cccccc,13.0,13.0,,,,30.77,69.23,0.0,,,,,
11430,Ger. n/c,1. Gerentes y directivos,1. Trabajadores  no manuales,"(0.169575, 0.042489, 0.340874, 1.0)",#374E55,#cccccc,0.0,,,,,,,,,,,,
11431,"Ger cent. Deportivos, esparicmiento y culturales",1. Gerentes y directivos,1. Trabajadores  no manuales,"(0.169575, 0.042489, 0.340874, 1.0)",#374E55,#cccccc,2.0,2.0,,,,0.0,100.0,0.0,,,,,
11439,Ger. Serv. n/c,1. Gerentes y directivos,1. Trabajadores  no manuales,"(0.169575, 0.042489, 0.340874, 1.0)",#374E55,#cccccc,2.0,2.0,,,,50.0,50.0,0.0,,,,,
12000,Profesionales científicos e intelectuales,2. Profesionales,1. Trabajadores  no manuales,"(0.271347, 0.040922, 0.411976, 1.0)",#DF8F44,#cccccc,6.0,6.0,,,,50.0,50.0,100.0,,,,,
12100,Prof. ciencia e ingeniería,2. Profesionales,1. Trabajadores  no manuales,"(0.284321, 0.043933, 0.416608, 1.0)",#DF8F44,#cccccc,2.0,2.0,,,,100.0,0.0,100.0,,,,,
12111,Físicos y astrónomos,2. Profesionales,1. Trabajadores  no manuales,"(0.290763, 0.045644, 0.418637, 1.0)",#DF8F44,#cccccc,0.0,,,,,,,,,,,,
12112,Meteorólogos,2. Profesionales,1. Trabajadores  no manuales,"(0.290763, 0.045644, 0.418637, 1.0)",#DF8F44,#cccccc,0.0,,,,,,,,,,,,
12113,Químicos,2. Profesionales,1. Trabajadores  no manuales,"(0.290763, 0.045644, 0.418637, 1.0)",#DF8F44,#cccccc,1.0,1.0,,,,100.0,0.0,0.0,,,,,
12114,Geólogos y geofísicos,2. Profesionales,1. Trabajadores  no manuales,"(0.290763, 0.045644, 0.418637, 1.0)",#DF8F44,#cccccc,1.0,1.0,,,,0.0,100.0,0.0,,,,,
12120,"Matemáticos, actuarios y estadísticos",2. Profesionales,1. Trabajadores  no manuales,"(0.290763, 0.045644, 0.418637, 1.0)",#DF8F44,#cccccc,0.0,,,,,,,,,,,,
12130,Prof. Biología,2. Profesionales,1. Trabajadores  no manuales,"(0.290763, 0.045644, 0.418637, 1.0)",#DF8F44,#cccccc,3.0,3.0,,,,66.67,33.33,66.67,,,,,
12131,"Biólogos, botánicos, zoólogos y afines",2. Profesionales,1. Trabajadores  no manuales,"(0.290763, 0.045644, 0.418637, 1.0)",#DF8F44,#cccccc,3.0,3.0,,,,66.67,33.33,66.67,,,,,
12132,Agrónomos y afines,2. Profesionales,1. Trabajadores  no manuales,"(0.290763, 0.045644, 0.418637, 1.0)",#DF8F44,#cccccc,0.0,,,,,,,,,,,,
12133,Prof. Protec. med.ambiental,2. Profesionales,1. Trabajadores  no manuales,"(0.290763, 0.045644, 0.418637, 1.0)",#DF8F44,#cccccc,1.0,1.0,,,,0.0,100.0,100.0,,,,,
12140,Ingenieros,2. Profesionales,1. Trabajadores  no manuales,"(0.290763, 0.045644, 0.418637, 1.0)",#DF8F44,#cccccc,1.0,1.0,,,,0.0,100.0,100.0,,,,,
12141,Ing. Industriales y producción,2. Profesionales,1. Trabajadores  no manuales,"(0.290763, 0.045644, 0.418637, 1.0)",#DF8F44,#cccccc,2.0,2.0,,,,50.0,50.0,50.0,,,,,
12142,Ingenieros civiles,2. Profesionales,1. Trabajadores  no manuales,"(0.290763, 0.045644, 0.418637, 1.0)",#DF8F44,#cccccc,7.0,7.0,,,,14.29,85.71,28.57,,,,,
12143,Ing. med.ambiental,2. Profesionales,1. Trabajadores  no manuales,"(0.290763, 0.045644, 0.418637, 1.0)",#DF8F44,#cccccc,0.0,,,,,,,,,,,,
12144,Ing. Mecánicos,2. Profesionales,1. Trabajadores  no manuales,"(0.297178, 0.04747, 0.420491, 1.0)",#DF8F44,#cccccc,0.0,,,,,,,,,,,,
12145,Ing. Químicos,2. Profesionales,1. Trabajadores  no manuales,"(0.297178, 0.04747, 0.420491, 1.0)",#DF8F44,#cccccc,0.0,,,,,,,,,,,,
12146,Ing. Met. Y minas,2. Profesionales,1. Trabajadores  no manuales,"(0.297178, 0.04747, 0.420491, 1.0)",#DF8F44,#cccccc,0.0,,,,,,,,,,,,
12149,Ingenieros n/c,2. Profesionales,1. Trabajadores  no manuales,"(0.297178, 0.04747, 0.420491, 1.0)",#DF8F44,#cccccc,3.0,3.0,,,,66.67,33.33,66.67,,,,,
12150,Ing. Electrotécnología,2. Profesionales,1. Trabajadores  no manuales,"(0.297178, 0.04747, 0.420491, 1.0)",#DF8F44,#cccccc,0.0,,,,,,,,,,,,
12151,Ing. Electricista,2. Profesionales,1. Trabajadores  no manuales,"(0.297178, 0.04747, 0.420491, 1.0)",#DF8F44,#cccccc,1.0,1.0,,,,0.0,100.0,100.0,,,,,
12152,Ing. Electrónicos,2. Profesionales,1. Trabajadores  no manuales,"(0.297178, 0.04747, 0.420491, 1.0)",#DF8F44,#cccccc,5.0,5.0,,,,0.0,100.0,20.0,,,,,
12153,Ing. Telecomunicaciones,2. Profesionales,1. Trabajadores  no manuales,"(0.297178, 0.04747, 0.420491, 1.0)",#DF8F44,#cccccc,1.0,1.0,,,,0.0,100.0,0.0,,,,,
12160,"Arquitectos, urbanistas, agrimensores y diseñadores",2. Profesionales,1. Trabajadores  no manuales,"(0.297178, 0.04747, 0.420491, 1.0)",#DF8F44,#cccccc,0.0,,,,,,,,,,,,
12161,Arquitectos,2. Profesionales,1. Trabajadores  no manuales,"(0.297178, 0.04747, 0.420491, 1.0)",#DF8F44,#cccccc,10.0,10.0,,,,50.0,50.0,40.0,,,,,
12162,Arquitectos paisajistas,2. Profesionales,1. Trabajadores  no manuales,"(0.297178, 0.04747, 0.420491, 1.0)",#DF8F44,#cccccc,0.0,,,,,,,,,,,,
12163,Dis. Prendas y productos,2. Profesionales,1. Trabajadores  no manuales,"(0.297178, 0.04747, 0.420491, 1.0)",#DF8F44,#cccccc,4.0,4.0,,,,75.0,25.0,0.0,,,,,
12164,Urbanistas e ingenieros de tránsito,2. Profesionales,1. Trabajadores  no manuales,"(0.297178, 0.04747, 0.420491, 1.0)",#DF8F44,#cccccc,0.0,,,,,,,,,,,,
12165,Cartógrafos y agrimensores,2. Profesionales,1. Trabajadores  no manuales,"(0.297178, 0.04747, 0.420491, 1.0)",#DF8F44,#cccccc,2.0,2.0,,,,0.0,100.0,0.0,,,,,
12166,Dis. gráficos,2. Profesionales,1. Trabajadores  no manuales,"(0.297178, 0.04747, 0.420491, 1.0)",#DF8F44,#cccccc,21.0,21.0,,,,57.14,42.86,9.52,,,,,
12200,Prof. Salud,2. Profesionales,1. Trabajadores  no manuales,"(0.303568, 0.049396, 0.422182, 1.0)",#DF8F44,#cccccc,1.0,1.0,,,,100.0,0.0,100.0,,,,,
12210,Médicos,2. Profesionales,1. Trabajadores  no manuales,"(0.303568, 0.049396, 0.422182, 1.0)",#DF8F44,#cccccc,0.0,,,,,,,,,,,,
12211,Médicos generales,2. Profesionales,1. Trabajadores  no manuales,"(0.303568, 0.049396, 0.422182, 1.0)",#DF8F44,#cccccc,10.0,10.0,,,,50.0,50.0,80.0,,,,,
12212,Médicos especialistas,2. Profesionales,1. Trabajadores  no manuales,"(0.303568, 0.049396, 0.422182, 1.0)",#DF8F44,#cccccc,10.0,10.0,,,,60.0,40.0,40.0,,,,,
12220,Prof. Enfermería y partería,2. Profesionales,1. Trabajadores  no manuales,"(0.309935, 0.051407, 0.423721, 1.0)",#DF8F44,#cccccc,0.0,,,,,,,,,,,,
12221,Prof. Enfermería y partería,2. Profesionales,1. Trabajadores  no manuales,"(0.309935, 0.051407, 0.423721, 1.0)",#DF8F44,#cccccc,12.0,12.0,,,,50.0,50.0,75.0,,,,,
12222,Prof. Partería,2. Profesionales,1. Trabajadores  no manuales,"(0.309935, 0.051407, 0.423721, 1.0)",#DF8F44,#cccccc,0.0,,,,,,,,,,,,
12230,Prof. Medicina tradicional y alternativa,2. Profesionales,1. Trabajadores  no manuales,"(0.309935, 0.051407, 0.423721, 1.0)",#DF8F44,#cccccc,1.0,1.0,,,,100.0,0.0,0.0,,,,,
12240,Paramédicos,2. Profesionales,1. Trabajadores  no manuales,"(0.309935, 0.051407, 0.423721, 1.0)",#DF8F44,#cccccc,0.0,,,,,,,,,,,,
12250,Veterinarios,2. Profesionales,1. Trabajadores  no manuales,"(0.309935, 0.051407, 0.423721, 1.0)",#DF8F44,#cccccc,3.0,3.0,,,,0.0,100.0,0.0,,,,,
12260,Prof. Salud,2. Profesionales,1. Trabajadores  no manuales,"(0.316282, 0.05349, 0.425116, 1.0)",#DF8F44,#cccccc,0.0,,,,,,,,,,,,
12261,Dentistas,2. Profesionales,1. Trabajadores  no manuales,"(0.316282, 0.05349, 0.425116, 1.0)",#DF8F44,#cccccc,6.0,6.0,,,,66.67,33.33,0.0,,,,,
12262,Farmacéuticos,2. Profesionales,1. Trabajadores  no manuales,"(0.316282, 0.05349, 0.425116, 1.0)",#DF8F44,#cccccc,0.0,,,,,,,,,,,,
12263,Prof. Salud e higiene laboral,2. Profesionales,1. Trabajadores  no manuales,"(0.316282, 0.05349, 0.425116, 1.0)",#DF8F44,#cccccc,1.0,1.0,,,,0.0,100.0,0.0,,,,,
12264,Fisioterapeutas,2. Profesionales,1. Trabajadores  no manuales,"(0.316282, 0.05349, 0.425116, 1.0)",#DF8F44,#cccccc,3.0,3.0,,,,100.0,0.0,33.33,,,,,
12265,Dietistas y nutricionistas,2. Profesionales,1. Trabajadores  no manuales,"(0.316282, 0.05349, 0.425116, 1.0)",#DF8F44,#cccccc,4.0,4.0,,,,100.0,0.0,25.0,,,,,
12266,Audiólogos y logopedas,2. Profesionales,1. Trabajadores  no manuales,"(0.316282, 0.05349, 0.425116, 1.0)",#DF8F44,#cccccc,8.0,8.0,,,,100.0,0.0,37.5,,,,,
12267,Optometristas,2. Profesionales,1. Trabajadores  no manuales,"(0.316282, 0.05349, 0.425116, 1.0)",#DF8F44,#cccccc,0.0,,,,,,,,,,,,
12269,Prof. Salud n/c,2. Profesionales,1. Trabajadores  no manuales,"(0.316282, 0.05349, 0.425116, 1.0)",#DF8F44,#cccccc,8.0,8.0,,,,87.5,12.5,62.5,,,,,
12300,Prof. Enseñanza gral,2. Profesionales,1. Trabajadores  no manuales,"(0.32261, 0.055634, 0.426377, 1.0)",#DF8F44,#cccccc,137.0,137.0,,,,64.23,35.77,78.1,,,,,
12310,Prof. Universitarios y ed superior,2. Profesionales,1. Trabajadores  no manuales,"(0.32261, 0.055634, 0.426377, 1.0)",#DF8F44,#cccccc,34.0,34.0,,,,64.71,35.29,97.06,,,,,
12320,Prof. Form. Profesional,2. Profesionales,1. Trabajadores  no manuales,"(0.32261, 0.055634, 0.426377, 1.0)",#DF8F44,#cccccc,6.0,6.0,,,,50.0,50.0,66.67,,,,,
12330,Prof. Secundarios,2. Profesionales,1. Trabajadores  no manuales,"(0.32261, 0.055634, 0.426377, 1.0)",#DF8F44,#cccccc,70.0,70.0,,,,67.14,32.86,87.14,,,,,
12340,Maest. Primaria y preescolar,2. Profesionales,1. Trabajadores  no manuales,"(0.328921, 0.057827, 0.427511, 1.0)",#DF8F44,#cccccc,0.0,,,,,,,,,,,,
12341,Maest. Primaria,2. Profesionales,1. Trabajadores  no manuales,"(0.328921, 0.057827, 0.427511, 1.0)",#DF8F44,#cccccc,87.0,87.0,,,,75.86,24.14,83.91,,,,,
12342,Maest. Preescolar,2. Profesionales,1. Trabajadores  no manuales,"(0.328921, 0.057827, 0.427511, 1.0)",#DF8F44,#cccccc,22.0,22.0,,,,100.0,0.0,81.82,,,,,
12350,Prof. Enseñanza,2. Profesionales,1. Trabajadores  no manuales,"(0.328921, 0.057827, 0.427511, 1.0)",#DF8F44,#cccccc,0.0,,,,,,,,,,,,
12351,Esp. Mét. Pedagógicos,2. Profesionales,1. Trabajadores  no manuales,"(0.328921, 0.057827, 0.427511, 1.0)",#DF8F44,#cccccc,3.0,3.0,,,,100.0,0.0,100.0,,,,,
12352,Ed. Nec. Especiales,2. Profesionales,1. Trabajadores  no manuales,"(0.328921, 0.057827, 0.427511, 1.0)",#DF8F44,#cccccc,11.0,11.0,,,,81.82,18.18,45.45,,,,,
12353,Profesores idiomas,2. Profesionales,1. Trabajadores  no manuales,"(0.328921, 0.057827, 0.427511, 1.0)",#DF8F44,#cccccc,9.0,9.0,,,,77.78,22.22,33.33,,,,,
12354,Profesores música,2. Profesionales,1. Trabajadores  no manuales,"(0.328921, 0.057827, 0.427511, 1.0)",#DF8F44,#cccccc,16.0,16.0,,,,25.0,75.0,43.75,,,,,
12355,Profesores arte,2. Profesionales,1. Trabajadores  no manuales,"(0.328921, 0.057827, 0.427511, 1.0)",#DF8F44,#cccccc,13.0,13.0,,,,69.23,30.77,38.46,,,,,
12356,Inst. IT,2. Profesionales,1. Trabajadores  no manuales,"(0.328921, 0.057827, 0.427511, 1.0)",#DF8F44,#cccccc,0.0,,,,,,,,,,,,
12359,Prof. enseñanza,2. Profesionales,1. Trabajadores  no manuales,"(0.328921, 0.057827, 0.427511, 1.0)",#DF8F44,#cccccc,35.0,35.0,,,,68.57,31.43,20.0,,,,,
12400,Esp. Admin pública,2. Profesionales,1. Trabajadores  no manuales,"(0.335217, 0.06006, 0.428524, 1.0)",#DF8F44,#cccccc,1.0,1.0,,,,100.0,0.0,0.0,,,,,
12410,Esp. Finanzas,2. Profesionales,1. Trabajadores  no manuales,"(0.3415, 0.062325, 0.429425, 1.0)",#DF8F44,#cccccc,0.0,,,,,,,,,,,,
12411,Contables,2. Profesionales,1. Trabajadores  no manuales,"(0.3415, 0.062325, 0.429425, 1.0)",#DF8F44,#cccccc,35.0,35.0,,,,60.0,40.0,22.86,,,,,
12412,Asesores financieros y en inversiones,2. Profesionales,1. Trabajadores  no manuales,"(0.3415, 0.062325, 0.429425, 1.0)",#DF8F44,#cccccc,3.0,3.0,,,,0.0,100.0,0.0,,,,,
12413,An. financieros,2. Profesionales,1. Trabajadores  no manuales,"(0.3415, 0.062325, 0.429425, 1.0)",#DF8F44,#cccccc,2.0,2.0,,,,100.0,0.0,50.0,,,,,
12420,Esp. Org y adm.,2. Profesionales,1. Trabajadores  no manuales,"(0.3415, 0.062325, 0.429425, 1.0)",#DF8F44,#cccccc,0.0,,,,,,,,,,,,
12421,An. gestión y organización,2. Profesionales,1. Trabajadores  no manuales,"(0.3415, 0.062325, 0.429425, 1.0)",#DF8F44,#cccccc,1.0,1.0,,,,100.0,0.0,100.0,,,,,
12422,Esp. Pol. Administración,2. Profesionales,1. Trabajadores  no manuales,"(0.3415, 0.062325, 0.429425, 1.0)",#DF8F44,#cccccc,1.0,1.0,,,,100.0,0.0,100.0,,,,,
12423,Esp. Pol. Y serv. Personal,2. Profesionales,1. Trabajadores  no manuales,"(0.3415, 0.062325, 0.429425, 1.0)",#DF8F44,#cccccc,4.0,4.0,,,,0.0,100.0,50.0,,,,,
12424,Esp. Formación personal,2. Profesionales,1. Trabajadores  no manuales,"(0.3415, 0.062325, 0.429425, 1.0)",#DF8F44,#cccccc,0.0,,,,,,,,,,,,
12430,"Prof. Venta, comercialización",2. Profesionales,1. Trabajadores  no manuales,"(0.3415, 0.062325, 0.429425, 1.0)",#DF8F44,#cccccc,0.0,,,,,,,,,,,,
12431,Prof. Publicidad y marketing,2. Profesionales,1. Trabajadores  no manuales,"(0.3415, 0.062325, 0.429425, 1.0)",#DF8F44,#cccccc,8.0,8.0,,,,37.5,62.5,37.5,,,,,
12432,Prof. Rel. Públicas,2. Profesionales,1. Trabajadores  no manuales,"(0.3415, 0.062325, 0.429425, 1.0)",#DF8F44,#cccccc,7.0,7.0,,,,57.14,42.86,42.86,,,,,
12433,Prof. Ventas médicas,2. Profesionales,1. Trabajadores  no manuales,"(0.3415, 0.062325, 0.429425, 1.0)",#DF8F44,#cccccc,3.0,3.0,,,,33.33,66.67,0.0,,,,,
12434,Prof. Ventas IT,2. Profesionales,1. Trabajadores  no manuales,"(0.3415, 0.062325, 0.429425, 1.0)",#DF8F44,#cccccc,0.0,,,,,,,,,,,,
12500,Profesionales IT,2. Profesionales,1. Trabajadores  no manuales,"(0.354032, 0.066925, 0.430906, 1.0)",#DF8F44,#cccccc,0.0,,,,,,,,,,,,
12510,Des. Y An. Software,2. Profesionales,1. Trabajadores  no manuales,"(0.354032, 0.066925, 0.430906, 1.0)",#DF8F44,#cccccc,0.0,,,,,,,,,,,,
12511,An. de sistemas,2. Profesionales,1. Trabajadores  no manuales,"(0.354032, 0.066925, 0.430906, 1.0)",#DF8F44,#cccccc,9.0,9.0,,,,33.33,66.67,22.22,,,,,
12512,Des. software,2. Profesionales,1. Trabajadores  no manuales,"(0.354032, 0.066925, 0.430906, 1.0)",#DF8F44,#cccccc,4.0,4.0,,,,0.0,100.0,0.0,,,,,
12513,Des. Web y multimedia,2. Profesionales,1. Trabajadores  no manuales,"(0.354032, 0.066925, 0.430906, 1.0)",#DF8F44,#cccccc,1.0,1.0,,,,100.0,0.0,0.0,,,,,
12514,Programadores,2. Profesionales,1. Trabajadores  no manuales,"(0.354032, 0.066925, 0.430906, 1.0)",#DF8F44,#cccccc,6.0,6.0,,,,0.0,100.0,16.67,,,,,
12519,Des. Y An. Software,2. Profesionales,1. Trabajadores  no manuales,"(0.354032, 0.066925, 0.430906, 1.0)",#DF8F44,#cccccc,2.0,2.0,,,,50.0,50.0,0.0,,,,,
12520,Esp. Bases de datos,2. Profesionales,1. Trabajadores  no manuales,"(0.354032, 0.066925, 0.430906, 1.0)",#DF8F44,#cccccc,0.0,,,,,,,,,,,,
12521,Adm. Base de datos,2. Profesionales,1. Trabajadores  no manuales,"(0.360284, 0.069247, 0.431497, 1.0)",#DF8F44,#cccccc,0.0,,,,,,,,,,,,
12522,Admin. sistemas,2. Profesionales,1. Trabajadores  no manuales,"(0.360284, 0.069247, 0.431497, 1.0)",#DF8F44,#cccccc,1.0,1.0,,,,0.0,100.0,0.0,,,,,
12523,Prof. Redes informáticas,2. Profesionales,1. Trabajadores  no manuales,"(0.360284, 0.069247, 0.431497, 1.0)",#DF8F44,#cccccc,0.0,,,,,,,,,,,,
12529,Esp. Bases de datos,2. Profesionales,1. Trabajadores  no manuales,"(0.360284, 0.069247, 0.431497, 1.0)",#DF8F44,#cccccc,0.0,,,,,,,,,,,,
12600,"Prof. Derecho, Cs Sociales",2. Profesionales,1. Trabajadores  no manuales,"(0.372768, 0.073915, 0.4324, 1.0)",#DF8F44,#cccccc,0.0,,,,,,,,,,,,
12610,Prof. Derecho,2. Profesionales,1. Trabajadores  no manuales,"(0.372768, 0.073915, 0.4324, 1.0)",#DF8F44,#cccccc,0.0,,,,,,,,,,,,
12611,Abogados,2. Profesionales,1. Trabajadores  no manuales,"(0.372768, 0.073915, 0.4324, 1.0)",#DF8F44,#cccccc,29.0,29.0,,,,51.72,48.28,41.38,,,,,
12612,Jueces,2. Profesionales,1. Trabajadores  no manuales,"(0.372768, 0.073915, 0.4324, 1.0)",#DF8F44,#cccccc,1.0,1.0,,,,0.0,100.0,100.0,,,,,
12619,Prof. Derecho n/c,2. Profesionales,1. Trabajadores  no manuales,"(0.372768, 0.073915, 0.4324, 1.0)",#DF8F44,#cccccc,1.0,1.0,,,,0.0,100.0,100.0,,,,,
12620,"Archivistas, bibliotecarios, curadores y afines",2. Profesionales,1. Trabajadores  no manuales,"(0.372768, 0.073915, 0.4324, 1.0)",#DF8F44,#cccccc,0.0,,,,,,,,,,,,
12621,Archivistas y curadores de museos,2. Profesionales,1. Trabajadores  no manuales,"(0.372768, 0.073915, 0.4324, 1.0)",#DF8F44,#cccccc,0.0,,,,,,,,,,,,
12622,"Bibliotecarios, documentalistas y afines",2. Profesionales,1. Trabajadores  no manuales,"(0.372768, 0.073915, 0.4324, 1.0)",#DF8F44,#cccccc,5.0,5.0,,,,60.0,40.0,80.0,,,,,
12630,Esp. cs. Sociales,2. Profesionales,1. Trabajadores  no manuales,"(0.372768, 0.073915, 0.4324, 1.0)",#DF8F44,#cccccc,1.0,1.0,,,,100.0,0.0,100.0,,,,,
12631,Economistas,2. Profesionales,1. Trabajadores  no manuales,"(0.372768, 0.073915, 0.4324, 1.0)",#DF8F44,#cccccc,0.0,,,,,,,,,,,,
12632,"Sociólogos, antropólogos y afines",2. Profesionales,1. Trabajadores  no manuales,"(0.372768, 0.073915, 0.4324, 1.0)",#DF8F44,#cccccc,5.0,5.0,,,,60.0,40.0,80.0,,,,,
12633,"Filósofos, historiadores y especialistas en ciencias políticas",2. Profesionales,1. Trabajadores  no manuales,"(0.379001, 0.076253, 0.432719, 1.0)",#DF8F44,#cccccc,0.0,,,,,,,,,,,,
12634,Psicólogos,2. Profesionales,1. Trabajadores  no manuales,"(0.379001, 0.076253, 0.432719, 1.0)",#DF8F44,#cccccc,30.0,30.0,,,,86.67,13.33,43.33,,,,,
12635,Prof. Trabajo social,2. Profesionales,1. Trabajadores  no manuales,"(0.379001, 0.076253, 0.432719, 1.0)",#DF8F44,#cccccc,32.0,32.0,,,,87.5,12.5,93.75,,,,,
12636,Prof. Religiosos,2. Profesionales,1. Trabajadores  no manuales,"(0.379001, 0.076253, 0.432719, 1.0)",#DF8F44,#cccccc,0.0,,,,,,,,,,,,
12640,Aut. periodistas y lingüistas,2. Profesionales,1. Trabajadores  no manuales,"(0.379001, 0.076253, 0.432719, 1.0)",#DF8F44,#cccccc,0.0,,,,,,,,,,,,
12641,Aut. escritores,2. Profesionales,1. Trabajadores  no manuales,"(0.379001, 0.076253, 0.432719, 1.0)",#DF8F44,#cccccc,1.0,1.0,,,,100.0,0.0,100.0,,,,,
12642,Periodistas,2. Profesionales,1. Trabajadores  no manuales,"(0.379001, 0.076253, 0.432719, 1.0)",#DF8F44,#cccccc,16.0,16.0,,,,31.25,68.75,31.25,,,,,
12643,"Traductores, intérpretes y lingüistas",2. Profesionales,1. Trabajadores  no manuales,"(0.379001, 0.076253, 0.432719, 1.0)",#DF8F44,#cccccc,0.0,,,,,,,,,,,,
12650,Artistas creativos e interpretativos,2. Profesionales,1. Trabajadores  no manuales,"(0.379001, 0.076253, 0.432719, 1.0)",#DF8F44,#cccccc,0.0,,,,,,,,,,,,
12651,Artistaplásticos,2. Profesionales,1. Trabajadores  no manuales,"(0.379001, 0.076253, 0.432719, 1.0)",#DF8F44,#cccccc,6.0,6.0,,,,50.0,50.0,0.0,,,,,
12652,"Músicos, cantantes y compositores",2. Profesionales,1. Trabajadores  no manuales,"(0.379001, 0.076253, 0.432719, 1.0)",#DF8F44,#cccccc,8.0,8.0,,,,37.5,62.5,12.5,,,,,
12653,Bailarines y coreógrafos,2. Profesionales,1. Trabajadores  no manuales,"(0.379001, 0.076253, 0.432719, 1.0)",#DF8F44,#cccccc,1.0,1.0,,,,100.0,0.0,100.0,,,,,
12654,Dir. cine teatro,2. Profesionales,1. Trabajadores  no manuales,"(0.379001, 0.076253, 0.432719, 1.0)",#DF8F44,#cccccc,1.0,1.0,,,,0.0,100.0,0.0,,,,,
12655,Actores,2. Profesionales,1. Trabajadores  no manuales,"(0.379001, 0.076253, 0.432719, 1.0)",#DF8F44,#cccccc,2.0,2.0,,,,0.0,100.0,0.0,,,,,
12656,"Locutores de radio, televisión y otros med.s de comunicación",2. Profesionales,1. Trabajadores  no manuales,"(0.379001, 0.076253, 0.432719, 1.0)",#DF8F44,#cccccc,4.0,4.0,,,,25.0,75.0,0.0,,,,,
12659,Artistas creativos e interpretativos no clasificados bajo otros epígrafes,2. Profesionales,1. Trabajadores  no manuales,"(0.379001, 0.076253, 0.432719, 1.0)",#DF8F44,#cccccc,1.0,1.0,,,,0.0,100.0,0.0,,,,,
13000,Téc. Y prof. N. Medio. mediop,3. Técnicos,1. Trabajadores  no manuales,"(0.434987, 0.097069, 0.432039, 1.0)",#00A1D5,#cccccc,0.0,,,,,,,,,,,,
13100,Prof. med. ciencia e ingeniería,3. Técnicos,1. Trabajadores  no manuales,"(0.453651, 0.103848, 0.430498, 1.0)",#00A1D5,#cccccc,1.0,1.0,,,,100.0,0.0,100.0,,,,,
13110,Téc. Cs. Físicas e ingeniería,3. Técnicos,1. Trabajadores  no manuales,"(0.453651, 0.103848, 0.430498, 1.0)",#00A1D5,#cccccc,0.0,,,,,,,,,,,,
13111,Téc. cs. físicas y químicas,3. Técnicos,1. Trabajadores  no manuales,"(0.453651, 0.103848, 0.430498, 1.0)",#00A1D5,#cccccc,3.0,3.0,,,,66.67,33.33,33.33,,,,,
13112,Téc. Ing. Civil,3. Técnicos,1. Trabajadores  no manuales,"(0.453651, 0.103848, 0.430498, 1.0)",#00A1D5,#cccccc,4.0,4.0,,,,50.0,50.0,25.0,,,,,
13113,Electrotécnicos,3. Técnicos,1. Trabajadores  no manuales,"(0.453651, 0.103848, 0.430498, 1.0)",#00A1D5,#cccccc,3.0,3.0,,,,0.0,100.0,0.0,,,,,
13114,Téc. electrónica,3. Técnicos,1. Trabajadores  no manuales,"(0.453651, 0.103848, 0.430498, 1.0)",#00A1D5,#cccccc,5.0,5.0,,,,20.0,80.0,0.0,,,,,
13115,Téc. Ing. mecánica,3. Técnicos,1. Trabajadores  no manuales,"(0.453651, 0.103848, 0.430498, 1.0)",#00A1D5,#cccccc,2.0,2.0,,,,0.0,100.0,0.0,,,,,
13116,Téc. química industrial,3. Técnicos,1. Trabajadores  no manuales,"(0.453651, 0.103848, 0.430498, 1.0)",#00A1D5,#cccccc,0.0,,,,,,,,,,,,
13117,"Tec. Ingeniería, industria y minas",3. Técnicos,1. Trabajadores  no manuales,"(0.453651, 0.103848, 0.430498, 1.0)",#00A1D5,#cccccc,1.0,1.0,,,,0.0,100.0,0.0,,,,,
13118,Dibujant. Técnicos,3. Técnicos,1. Trabajadores  no manuales,"(0.453651, 0.103848, 0.430498, 1.0)",#00A1D5,#cccccc,1.0,1.0,,,,0.0,100.0,0.0,,,,,
13119,Téc. Cs. Físicas,3. Técnicos,1. Trabajadores  no manuales,"(0.453651, 0.103848, 0.430498, 1.0)",#00A1D5,#cccccc,0.0,,,,,,,,,,,,
13120,"Supv. Construcción, ingeniería y construcción",3. Técnicos,1. Trabajadores  no manuales,"(0.453651, 0.103848, 0.430498, 1.0)",#00A1D5,#cccccc,0.0,,,,,,,,,,,,
13121,Supv. Ingeniería y minas,3. Técnicos,1. Trabajadores  no manuales,"(0.453651, 0.103848, 0.430498, 1.0)",#00A1D5,#cccccc,2.0,2.0,,,,0.0,100.0,100.0,,,,,
13122,Supv. Ind. manufactureras,3. Técnicos,1. Trabajadores  no manuales,"(0.459875, 0.106089, 0.429846, 1.0)",#00A1D5,#cccccc,8.0,8.0,,,,12.5,87.5,12.5,,,,,
13123,Sup. Construcción,3. Técnicos,1. Trabajadores  no manuales,"(0.459875, 0.106089, 0.429846, 1.0)",#00A1D5,#cccccc,8.0,8.0,,,,0.0,100.0,25.0,,,,,
13130,Téc. Ctrl. procesos,3. Técnicos,1. Trabajadores  no manuales,"(0.459875, 0.106089, 0.429846, 1.0)",#00A1D5,#cccccc,0.0,,,,,,,,,,,,
13131,Op. Prod. Energia,3. Técnicos,1. Trabajadores  no manuales,"(0.459875, 0.106089, 0.429846, 1.0)",#00A1D5,#cccccc,1.0,1.0,,,,0.0,100.0,0.0,,,,,
13132,Op. Incineradores y plantas de agua,3. Técnicos,1. Trabajadores  no manuales,"(0.459875, 0.106089, 0.429846, 1.0)",#00A1D5,#cccccc,1.0,1.0,,,,0.0,100.0,100.0,,,,,
13133,Cont. Inst químicas,3. Técnicos,1. Trabajadores  no manuales,"(0.459875, 0.106089, 0.429846, 1.0)",#00A1D5,#cccccc,0.0,,,,,,,,,,,,
13134,Op. Refinamiento petroleo y gas,3. Técnicos,1. Trabajadores  no manuales,"(0.459875, 0.106089, 0.429846, 1.0)",#00A1D5,#cccccc,6.0,6.0,,,,0.0,100.0,16.67,,,,,
13135,Cont. prod. metales,3. Técnicos,1. Trabajadores  no manuales,"(0.459875, 0.106089, 0.429846, 1.0)",#00A1D5,#cccccc,0.0,,,,,,,,,,,,
13139,Téc. Ctrl. Procesos n/c,3. Técnicos,1. Trabajadores  no manuales,"(0.459875, 0.106089, 0.429846, 1.0)",#00A1D5,#cccccc,1.0,1.0,,,,0.0,100.0,0.0,,,,,
13140,Téc. Cs. biológicas y afines,3. Técnicos,1. Trabajadores  no manuales,"(0.459875, 0.106089, 0.429846, 1.0)",#00A1D5,#cccccc,0.0,,,,,,,,,,,,
13141,Téc. Cs. Biológicas,3. Técnicos,1. Trabajadores  no manuales,"(0.459875, 0.106089, 0.429846, 1.0)",#00A1D5,#cccccc,0.0,,,,,,,,,,,,
13142,Téc. agropecuarios,3. Técnicos,1. Trabajadores  no manuales,"(0.459875, 0.106089, 0.429846, 1.0)",#00A1D5,#cccccc,0.0,,,,,,,,,,,,
13143,Téc. forestales,3. Técnicos,1. Trabajadores  no manuales,"(0.459875, 0.106089, 0.429846, 1.0)",#00A1D5,#cccccc,0.0,,,,,,,,,,,,
13150,Técnicos navegación marítima y aeronáutica,3. Técnicos,1. Trabajadores  no manuales,"(0.459875, 0.106089, 0.429846, 1.0)",#00A1D5,#cccccc,0.0,,,,,,,,,,,,
13151,Of. Maquinistas navegación,3. Técnicos,1. Trabajadores  no manuales,"(0.459875, 0.106089, 0.429846, 1.0)",#00A1D5,#cccccc,1.0,1.0,,,,0.0,100.0,100.0,,,,,
13152,"Capitanes, oficiales de cubierta y prácticos",3. Técnicos,1. Trabajadores  no manuales,"(0.459875, 0.106089, 0.429846, 1.0)",#00A1D5,#cccccc,1.0,1.0,,,,0.0,100.0,100.0,,,,,
13153,Pilotos de aviación y afines,3. Técnicos,1. Trabajadores  no manuales,"(0.459875, 0.106089, 0.429846, 1.0)",#00A1D5,#cccccc,0.0,,,,,,,,,,,,
13154,Cont. tráf. aéreo,3. Técnicos,1. Trabajadores  no manuales,"(0.459875, 0.106089, 0.429846, 1.0)",#00A1D5,#cccccc,1.0,1.0,,,,100.0,0.0,100.0,,,,,
13155,Téc. Seg. aeronáutica,3. Técnicos,1. Trabajadores  no manuales,"(0.459875, 0.106089, 0.429846, 1.0)",#00A1D5,#cccccc,0.0,,,,,,,,,,,,
13200,Prof. med. salud,3. Técnicos,1. Trabajadores  no manuales,"(0.472328, 0.110547, 0.428334, 1.0)",#00A1D5,#cccccc,2.0,2.0,,,,50.0,50.0,50.0,,,,,
13210,Téc. médicos y farmacéuticos,3. Técnicos,1. Trabajadores  no manuales,"(0.472328, 0.110547, 0.428334, 1.0)",#00A1D5,#cccccc,0.0,,,,,,,,,,,,
13211,Téc. diagnóstico y tratamiento médico,3. Técnicos,1. Trabajadores  no manuales,"(0.472328, 0.110547, 0.428334, 1.0)",#00A1D5,#cccccc,8.0,8.0,,,,50.0,50.0,25.0,,,,,
13212,Téc. Lab. médicos,3. Técnicos,1. Trabajadores  no manuales,"(0.472328, 0.110547, 0.428334, 1.0)",#00A1D5,#cccccc,8.0,8.0,,,,75.0,25.0,37.5,,,,,
13213,Téc. farmacéuticos,3. Técnicos,1. Trabajadores  no manuales,"(0.472328, 0.110547, 0.428334, 1.0)",#00A1D5,#cccccc,5.0,5.0,,,,40.0,60.0,40.0,,,,,
13214,Téc. prótesis médicas y dentales,3. Técnicos,1. Trabajadores  no manuales,"(0.472328, 0.110547, 0.428334, 1.0)",#00A1D5,#cccccc,3.0,3.0,,,,33.33,66.67,0.0,,,,,
13220,Prof. med. enfermería y partería,3. Técnicos,1. Trabajadores  no manuales,"(0.472328, 0.110547, 0.428334, 1.0)",#00A1D5,#cccccc,0.0,,,,,,,,,,,,
13221,Prof. med. enfermería,3. Técnicos,1. Trabajadores  no manuales,"(0.472328, 0.110547, 0.428334, 1.0)",#00A1D5,#cccccc,74.0,74.0,,,,68.92,31.08,64.86,,,,,
13222,Prof. med. partería,3. Técnicos,1. Trabajadores  no manuales,"(0.472328, 0.110547, 0.428334, 1.0)",#00A1D5,#cccccc,0.0,,,,,,,,,,,,
13230,Prof. med. medicina tradicional y alternativa,3. Técnicos,1. Trabajadores  no manuales,"(0.472328, 0.110547, 0.428334, 1.0)",#00A1D5,#cccccc,3.0,3.0,,,,33.33,66.67,0.0,,,,,
13232,Prof. med. medicina tradicional y alternativa,3. Técnicos,1. Trabajadores  no manuales,"(0.472328, 0.110547, 0.428334, 1.0)",#00A1D5,#cccccc,0.0,,,,,,,,,,,,
13240,Téc. veterinarios,3. Técnicos,1. Trabajadores  no manuales,"(0.478558, 0.112764, 0.427475, 1.0)",#00A1D5,#cccccc,1.0,1.0,,,,100.0,0.0,100.0,,,,,
13250,Prof med. salud,3. Técnicos,1. Trabajadores  no manuales,"(0.478558, 0.112764, 0.427475, 1.0)",#00A1D5,#cccccc,0.0,,,,,,,,,,,,
13251,Aux. y ay. Dentista,3. Técnicos,1. Trabajadores  no manuales,"(0.478558, 0.112764, 0.427475, 1.0)",#00A1D5,#cccccc,1.0,1.0,,,,100.0,0.0,0.0,,,,,
13252,Téc. Doc. Sanitaria,3. Técnicos,1. Trabajadores  no manuales,"(0.478558, 0.112764, 0.427475, 1.0)",#00A1D5,#cccccc,0.0,,,,,,,,,,,,
13253,T ra. Comu. Salud,3. Técnicos,1. Trabajadores  no manuales,"(0.478558, 0.112764, 0.427475, 1.0)",#00A1D5,#cccccc,3.0,3.0,,,,66.67,33.33,66.67,,,,,
13254,Téc. optometría y ópticos,3. Técnicos,1. Trabajadores  no manuales,"(0.478558, 0.112764, 0.427475, 1.0)",#00A1D5,#cccccc,0.0,,,,,,,,,,,,
13255,Téc. fisioterapeutas,3. Técnicos,1. Trabajadores  no manuales,"(0.478558, 0.112764, 0.427475, 1.0)",#00A1D5,#cccccc,5.0,5.0,,,,80.0,20.0,0.0,,,,,
13256,Asistentes médicos,3. Técnicos,1. Trabajadores  no manuales,"(0.478558, 0.112764, 0.427475, 1.0)",#00A1D5,#cccccc,1.0,1.0,,,,100.0,0.0,0.0,,,,,
13257,Insp. Salud y laboral,3. Técnicos,1. Trabajadores  no manuales,"(0.478558, 0.112764, 0.427475, 1.0)",#00A1D5,#cccccc,2.0,2.0,,,,0.0,100.0,0.0,,,,,
13258,Ay. de ambulancias,3. Técnicos,1. Trabajadores  no manuales,"(0.478558, 0.112764, 0.427475, 1.0)",#00A1D5,#cccccc,0.0,,,,,,,,,,,,
13259,Prof med. salud n/c,3. Técnicos,1. Trabajadores  no manuales,"(0.478558, 0.112764, 0.427475, 1.0)",#00A1D5,#cccccc,6.0,6.0,,,,66.67,33.33,66.67,,,,,
13300,Prof. Med. Financieros,3. Técnicos,1. Trabajadores  no manuales,"(0.484789, 0.114974, 0.426548, 1.0)",#00A1D5,#cccccc,0.0,,,,,,,,,,,,
13310,Prof. Med. Finanzas y matemáticas,3. Técnicos,1. Trabajadores  no manuales,"(0.491022, 0.117179, 0.425552, 1.0)",#00A1D5,#cccccc,0.0,,,,,,,,,,,,
13311,"Ag. bolsa, cambio y otros servicios financieros",3. Técnicos,1. Trabajadores  no manuales,"(0.491022, 0.117179, 0.425552, 1.0)",#00A1D5,#cccccc,3.0,3.0,,,,0.0,100.0,0.0,,,,,
13312,Of. Préstamos y créditos,3. Técnicos,1. Trabajadores  no manuales,"(0.491022, 0.117179, 0.425552, 1.0)",#00A1D5,#cccccc,2.0,2.0,,,,50.0,50.0,0.0,,,,,
13313,Tenedores de libros,3. Técnicos,1. Trabajadores  no manuales,"(0.491022, 0.117179, 0.425552, 1.0)",#00A1D5,#cccccc,0.0,,,,,,,,,,,,
13314,Prof. med. estadística y afines,3. Técnicos,1. Trabajadores  no manuales,"(0.491022, 0.117179, 0.425552, 1.0)",#00A1D5,#cccccc,1.0,1.0,,,,0.0,100.0,100.0,,,,,
13315,Tasadores,3. Técnicos,1. Trabajadores  no manuales,"(0.491022, 0.117179, 0.425552, 1.0)",#00A1D5,#cccccc,0.0,,,,,,,,,,,,
13320,Ag. comerciales y corredores,3. Técnicos,1. Trabajadores  no manuales,"(0.491022, 0.117179, 0.425552, 1.0)",#00A1D5,#cccccc,1.0,1.0,,,,100.0,0.0,0.0,,,,,
13321,Ag. de seguros,3. Técnicos,1. Trabajadores  no manuales,"(0.491022, 0.117179, 0.425552, 1.0)",#00A1D5,#cccccc,9.0,9.0,,,,44.44,55.56,0.0,,,,,
13322,Rep. Comerciales,3. Técnicos,1. Trabajadores  no manuales,"(0.491022, 0.117179, 0.425552, 1.0)",#00A1D5,#cccccc,7.0,7.0,,,,28.57,71.43,0.0,,,,,
13323,Ag. de compras,3. Técnicos,1. Trabajadores  no manuales,"(0.491022, 0.117179, 0.425552, 1.0)",#00A1D5,#cccccc,3.0,3.0,,,,66.67,33.33,0.0,,,,,
13324,Ag. de compras y consignatarios,3. Técnicos,1. Trabajadores  no manuales,"(0.491022, 0.117179, 0.425552, 1.0)",#00A1D5,#cccccc,1.0,1.0,,,,100.0,0.0,0.0,,,,,
13330,Ag. serv. comerciales,3. Técnicos,1. Trabajadores  no manuales,"(0.491022, 0.117179, 0.425552, 1.0)",#00A1D5,#cccccc,0.0,,,,,,,,,,,,
13331,Dec. o gest. aduana,3. Técnicos,1. Trabajadores  no manuales,"(0.491022, 0.117179, 0.425552, 1.0)",#00A1D5,#cccccc,3.0,3.0,,,,66.67,33.33,33.33,,,,,
13332,Org. Eventos y conferencias,3. Técnicos,1. Trabajadores  no manuales,"(0.491022, 0.117179, 0.425552, 1.0)",#00A1D5,#cccccc,11.0,11.0,,,,63.64,36.36,18.18,,,,,
13333,Ag. de empleo y contratistas de mano de obra,3. Técnicos,1. Trabajadores  no manuales,"(0.491022, 0.117179, 0.425552, 1.0)",#00A1D5,#cccccc,2.0,2.0,,,,50.0,50.0,0.0,,,,,
13334,Ag. inmobiliarios,3. Técnicos,1. Trabajadores  no manuales,"(0.491022, 0.117179, 0.425552, 1.0)",#00A1D5,#cccccc,5.0,5.0,,,,20.0,80.0,0.0,,,,,
13339,Ag. serv. comerciales n/c,3. Técnicos,1. Trabajadores  no manuales,"(0.491022, 0.117179, 0.425552, 1.0)",#00A1D5,#cccccc,1.0,1.0,,,,100.0,0.0,0.0,,,,,
13340,Secretarios administrativos y especializados,3. Técnicos,1. Trabajadores  no manuales,"(0.491022, 0.117179, 0.425552, 1.0)",#00A1D5,#cccccc,0.0,,,,,,,,,,,,
13341,Supv. Secretaría,3. Técnicos,1. Trabajadores  no manuales,"(0.491022, 0.117179, 0.425552, 1.0)",#00A1D5,#cccccc,3.0,3.0,,,,33.33,66.67,100.0,,,,,
13342,Secretarios jurídicos,3. Técnicos,1. Trabajadores  no manuales,"(0.491022, 0.117179, 0.425552, 1.0)",#00A1D5,#cccccc,5.0,5.0,,,,60.0,40.0,20.0,,,,,
13343,Secretarios administrativos y ejecutivos,3. Técnicos,1. Trabajadores  no manuales,"(0.491022, 0.117179, 0.425552, 1.0)",#00A1D5,#cccccc,6.0,6.0,,,,100.0,0.0,100.0,,,,,
13344,Secretarios médicos,3. Técnicos,1. Trabajadores  no manuales,"(0.491022, 0.117179, 0.425552, 1.0)",#00A1D5,#cccccc,19.0,19.0,,,,84.21,15.79,15.79,,,,,
13350,Ag. adm. pública para la aplicación de la ley y afines,3. Técnicos,1. Trabajadores  no manuales,"(0.497257, 0.119379, 0.424488, 1.0)",#00A1D5,#cccccc,0.0,,,,,,,,,,,,
13351,Ag. aduana e inspectores de fronteras,3. Técnicos,1. Trabajadores  no manuales,"(0.497257, 0.119379, 0.424488, 1.0)",#00A1D5,#cccccc,1.0,1.0,,,,0.0,100.0,100.0,,,,,
13352,Ag. adm. tributaria,3. Técnicos,1. Trabajadores  no manuales,"(0.497257, 0.119379, 0.424488, 1.0)",#00A1D5,#cccccc,1.0,1.0,,,,100.0,0.0,100.0,,,,,
13353,Ag. seg. Social,3. Técnicos,1. Trabajadores  no manuales,"(0.497257, 0.119379, 0.424488, 1.0)",#00A1D5,#cccccc,1.0,1.0,,,,100.0,0.0,100.0,,,,,
13354,Ag. serv. licencias y permisos,3. Técnicos,1. Trabajadores  no manuales,"(0.497257, 0.119379, 0.424488, 1.0)",#00A1D5,#cccccc,1.0,1.0,,,,100.0,0.0,100.0,,,,,
13355,Insp. De policía,3. Técnicos,1. Trabajadores  no manuales,"(0.497257, 0.119379, 0.424488, 1.0)",#00A1D5,#cccccc,2.0,2.0,,,,0.0,100.0,100.0,,,,,
13359,Ag. adm. pública para la aplicacion de la ley y afines no clasificados bajo otros epígrafes,3. Técnicos,1. Trabajadores  no manuales,"(0.497257, 0.119379, 0.424488, 1.0)",#00A1D5,#cccccc,3.0,3.0,,,,0.0,100.0,100.0,,,,,
13400,Prof. med. jurídico,3. Técnicos,1. Trabajadores  no manuales,"(0.503493, 0.121575, 0.423356, 1.0)",#00A1D5,#cccccc,1.0,1.0,,,,100.0,0.0,100.0,,,,,
13410,Prof. Med. Jurídicos y sociales,3. Técnicos,1. Trabajadores  no manuales,"(0.503493, 0.121575, 0.423356, 1.0)",#00A1D5,#cccccc,0.0,,,,,,,,,,,,
13411,Prof. med. derecho,3. Técnicos,1. Trabajadores  no manuales,"(0.503493, 0.121575, 0.423356, 1.0)",#00A1D5,#cccccc,5.0,5.0,,,,40.0,60.0,80.0,,,,,
13412,Traby asist. Sociales nivel medio,3. Técnicos,1. Trabajadores  no manuales,"(0.503493, 0.121575, 0.423356, 1.0)",#00A1D5,#cccccc,13.0,13.0,,,,84.62,15.38,61.54,,,,,
13413,Aux. laicos religiones,3. Técnicos,1. Trabajadores  no manuales,"(0.503493, 0.121575, 0.423356, 1.0)",#00A1D5,#cccccc,0.0,,,,,,,,,,,,
13420,Ent. deportivos,3. Técnicos,1. Trabajadores  no manuales,"(0.503493, 0.121575, 0.423356, 1.0)",#00A1D5,#cccccc,0.0,,,,,,,,,,,,
13421,Atletas y deportistas,3. Técnicos,1. Trabajadores  no manuales,"(0.503493, 0.121575, 0.423356, 1.0)",#00A1D5,#cccccc,2.0,2.0,,,,0.0,100.0,0.0,,,,,
13422,"Ent. Deportivos, arbitros",3. Técnicos,1. Trabajadores  no manuales,"(0.503493, 0.121575, 0.423356, 1.0)",#00A1D5,#cccccc,6.0,6.0,,,,0.0,100.0,0.0,,,,,
13423,Inst. ed física,3. Técnicos,1. Trabajadores  no manuales,"(0.50973, 0.123769, 0.422156, 1.0)",#00A1D5,#cccccc,18.0,18.0,,,,38.89,61.11,5.56,,,,,
13430,"Prof. med. Act culturales, artísticas y humanas",3. Técnicos,1. Trabajadores  no manuales,"(0.50973, 0.123769, 0.422156, 1.0)",#00A1D5,#cccccc,0.0,,,,,,,,,,,,
13431,Fotógrafos,3. Técnicos,1. Trabajadores  no manuales,"(0.50973, 0.123769, 0.422156, 1.0)",#00A1D5,#cccccc,7.0,7.0,,,,28.57,71.43,0.0,,,,,
13432,Dis. De interior,3. Técnicos,1. Trabajadores  no manuales,"(0.50973, 0.123769, 0.422156, 1.0)",#00A1D5,#cccccc,1.0,1.0,,,,0.0,100.0,0.0,,,,,
13433,"Téc. arte, museos y bibliotecas",3. Técnicos,1. Trabajadores  no manuales,"(0.50973, 0.123769, 0.422156, 1.0)",#00A1D5,#cccccc,1.0,1.0,,,,0.0,100.0,0.0,,,,,
13434,Chefs,3. Técnicos,1. Trabajadores  no manuales,"(0.50973, 0.123769, 0.422156, 1.0)",#00A1D5,#cccccc,8.0,8.0,,,,62.5,37.5,12.5,,,,,
13435,Prof med. Act artísticas y culturales,3. Técnicos,1. Trabajadores  no manuales,"(0.50973, 0.123769, 0.422156, 1.0)",#00A1D5,#cccccc,0.0,,,,,,,,,,,,
13500,Téc. IT,3. Técnicos,1. Trabajadores  no manuales,"(0.522206, 0.12815, 0.419549, 1.0)",#00A1D5,#cccccc,0.0,,,,,,,,,,,,
13510,Téc. Op. IT n/c,3. Técnicos,1. Trabajadores  no manuales,"(0.522206, 0.12815, 0.419549, 1.0)",#00A1D5,#cccccc,0.0,,,,,,,,,,,,
13511,Téc. Op. IT,3. Técnicos,1. Trabajadores  no manuales,"(0.522206, 0.12815, 0.419549, 1.0)",#00A1D5,#cccccc,2.0,2.0,,,,50.0,50.0,0.0,,,,,
13512,Téc. Asistencia IT,3. Técnicos,1. Trabajadores  no manuales,"(0.522206, 0.12815, 0.419549, 1.0)",#00A1D5,#cccccc,5.0,5.0,,,,0.0,100.0,20.0,,,,,
13513,Téc. redes y sistemas de computadores,3. Técnicos,1. Trabajadores  no manuales,"(0.522206, 0.12815, 0.419549, 1.0)",#00A1D5,#cccccc,12.0,12.0,,,,8.33,91.67,25.0,,,,,
13514,Técnicos Web,3. Técnicos,1. Trabajadores  no manuales,"(0.522206, 0.12815, 0.419549, 1.0)",#00A1D5,#cccccc,1.0,1.0,,,,0.0,100.0,0.0,,,,,
13520,Téc. telecomunicaciones y radiodifusión,3. Técnicos,1. Trabajadores  no manuales,"(0.522206, 0.12815, 0.419549, 1.0)",#00A1D5,#cccccc,0.0,,,,,,,,,,,,
13521,Téc. radiodifusión y grabación audio visual,3. Técnicos,1. Trabajadores  no manuales,"(0.522206, 0.12815, 0.419549, 1.0)",#00A1D5,#cccccc,11.0,11.0,,,,9.09,90.91,9.09,,,,,
13522,Téc. Ing. telecomunicaciones,3. Técnicos,1. Trabajadores  no manuales,"(0.522206, 0.12815, 0.419549, 1.0)",#00A1D5,#cccccc,0.0,,,,,,,,,,,,
14000,Apoyo administrativo,4. Trabajadores administrativos,1. Trabajadores  no manuales,"(0.603139, 0.157151, 0.395891, 1.0)",#B24745,#cccccc,3.0,3.0,,,,66.67,33.33,66.67,,,,,
14100,Oficinistas n/c,4. Trabajadores administrativos,1. Trabajadores  no manuales,"(0.621685, 0.164184, 0.388781, 1.0)",#B24745,#cccccc,0.0,,,,,,,,,,,,
14110,Oficinistas,4. Trabajadores administrativos,1. Trabajadores  no manuales,"(0.621685, 0.164184, 0.388781, 1.0)",#B24745,#cccccc,203.0,203.0,,,,59.61,40.39,61.08,,,,,
14120,Secretarios (general),4. Trabajadores administrativos,1. Trabajadores  no manuales,"(0.621685, 0.164184, 0.388781, 1.0)",#B24745,#cccccc,31.0,31.0,,,,87.1,12.9,38.71,,,,,
14130,Op. Maq oficina,4. Trabajadores administrativos,1. Trabajadores  no manuales,"(0.621685, 0.164184, 0.388781, 1.0)",#B24745,#cccccc,0.0,,,,,,,,,,,,
14131,Op. Pros de texto y mecanógrafos,4. Trabajadores administrativos,1. Trabajadores  no manuales,"(0.621685, 0.164184, 0.388781, 1.0)",#B24745,#cccccc,1.0,1.0,,,,100.0,0.0,100.0,,,,,
14132,Grab. De datos,4. Trabajadores administrativos,1. Trabajadores  no manuales,"(0.621685, 0.164184, 0.388781, 1.0)",#B24745,#cccccc,1.0,1.0,,,,100.0,0.0,100.0,,,,,
14200,Emp. Trato directo con el público,4. Trabajadores administrativos,1. Trabajadores  no manuales,"(0.633998, 0.168992, 0.383704, 1.0)",#B24745,#cccccc,0.0,,,,,,,,,,,,
14210,Cobradores y pagadores,4. Trabajadores administrativos,1. Trabajadores  no manuales,"(0.633998, 0.168992, 0.383704, 1.0)",#B24745,#cccccc,0.0,,,,,,,,,,,,
14211,Cajeros bancos y afines,4. Trabajadores administrativos,1. Trabajadores  no manuales,"(0.633998, 0.168992, 0.383704, 1.0)",#B24745,#cccccc,13.0,13.0,,,,15.38,84.62,46.15,,,,,
14212,Recep. apuestas y afines,4. Trabajadores administrativos,1. Trabajadores  no manuales,"(0.633998, 0.168992, 0.383704, 1.0)",#B24745,#cccccc,4.0,4.0,,,,75.0,25.0,0.0,,,,,
14213,Prestamistas,4. Trabajadores administrativos,1. Trabajadores  no manuales,"(0.640135, 0.171438, 0.381065, 1.0)",#B24745,#cccccc,0.0,,,,,,,,,,,,
14214,Cobradres,4. Trabajadores administrativos,1. Trabajadores  no manuales,"(0.640135, 0.171438, 0.381065, 1.0)",#B24745,#cccccc,13.0,13.0,,,,53.85,46.15,0.0,,,,,
14220,Emp. Serv. Información,4. Trabajadores administrativos,1. Trabajadores  no manuales,"(0.640135, 0.171438, 0.381065, 1.0)",#B24745,#cccccc,0.0,,,,,,,,,,,,
14221,Emp. Ag. Viajes,4. Trabajadores administrativos,1. Trabajadores  no manuales,"(0.640135, 0.171438, 0.381065, 1.0)",#B24745,#cccccc,4.0,4.0,,,,75.0,25.0,0.0,,,,,
14222,Emp. cent. Llamadas,4. Trabajadores administrativos,1. Trabajadores  no manuales,"(0.640135, 0.171438, 0.381065, 1.0)",#B24745,#cccccc,12.0,12.0,,,,41.67,58.33,16.67,,,,,
14223,Telefonistas,4. Trabajadores administrativos,1. Trabajadores  no manuales,"(0.640135, 0.171438, 0.381065, 1.0)",#B24745,#cccccc,9.0,9.0,,,,33.33,66.67,44.44,,,,,
14224,Recepcionistas de hoteles,4. Trabajadores administrativos,1. Trabajadores  no manuales,"(0.640135, 0.171438, 0.381065, 1.0)",#B24745,#cccccc,3.0,3.0,,,,66.67,33.33,0.0,,,,,
14225,Emp. Informaciónes,4. Trabajadores administrativos,1. Trabajadores  no manuales,"(0.640135, 0.171438, 0.381065, 1.0)",#B24745,#cccccc,9.0,9.0,,,,22.22,77.78,77.78,,,,,
14226,Recepcionistas (general),4. Trabajadores administrativos,1. Trabajadores  no manuales,"(0.640135, 0.171438, 0.381065, 1.0)",#B24745,#cccccc,43.0,43.0,,,,72.09,27.91,39.53,,,,,
14227,Encuestadores y entrevistadores,4. Trabajadores administrativos,1. Trabajadores  no manuales,"(0.640135, 0.171438, 0.381065, 1.0)",#B24745,#cccccc,3.0,3.0,,,,100.0,0.0,0.0,,,,,
14229,Emp. Serv. Información,4. Trabajadores administrativos,1. Trabajadores  no manuales,"(0.640135, 0.171438, 0.381065, 1.0)",#B24745,#cccccc,1.0,1.0,,,,100.0,0.0,0.0,,,,,
14300,Emp. Contables y materiales,4. Trabajadores administrativos,1. Trabajadores  no manuales,"(0.652369, 0.176421, 0.375586, 1.0)",#B24745,#cccccc,0.0,,,,,,,,,,,,
14310,Aux. contables y financieros,4. Trabajadores administrativos,1. Trabajadores  no manuales,"(0.652369, 0.176421, 0.375586, 1.0)",#B24745,#cccccc,0.0,,,,,,,,,,,,
14311,Emp. Contabilidad,4. Trabajadores administrativos,1. Trabajadores  no manuales,"(0.652369, 0.176421, 0.375586, 1.0)",#B24745,#cccccc,44.0,44.0,,,,63.64,36.36,29.55,,,,,
14312,Emp. Serv. Estadísticos,4. Trabajadores administrativos,1. Trabajadores  no manuales,"(0.652369, 0.176421, 0.375586, 1.0)",#B24745,#cccccc,2.0,2.0,,,,100.0,0.0,0.0,,,,,
14313,Emp. Nóminas,4. Trabajadores administrativos,1. Trabajadores  no manuales,"(0.652369, 0.176421, 0.375586, 1.0)",#B24745,#cccccc,6.0,6.0,,,,83.33,16.67,0.0,,,,,
14320,Emp. Registro materiales,4. Trabajadores administrativos,1. Trabajadores  no manuales,"(0.652369, 0.176421, 0.375586, 1.0)",#B24745,#cccccc,0.0,,,,,,,,,,,,
14321,Emp. Ctrl. Abastecimiento,4. Trabajadores administrativos,1. Trabajadores  no manuales,"(0.652369, 0.176421, 0.375586, 1.0)",#B24745,#cccccc,14.0,14.0,,,,28.57,71.43,50.0,,,,,
14322,Emp. Apoyo producción,4. Trabajadores administrativos,1. Trabajadores  no manuales,"(0.652369, 0.176421, 0.375586, 1.0)",#B24745,#cccccc,1.0,1.0,,,,100.0,0.0,0.0,,,,,
14323,Emp. Serv. Transporte,4. Trabajadores administrativos,1. Trabajadores  no manuales,"(0.652369, 0.176421, 0.375586, 1.0)",#B24745,#cccccc,9.0,9.0,,,,33.33,66.67,33.33,,,,,
14400,Pers. Administrativo,4. Trabajadores administrativos,1. Trabajadores  no manuales,"(0.66454, 0.181539, 0.369846, 1.0)",#B24745,#cccccc,0.0,,,,,,,,,,,,
14410,Pers. Administrativo n/c,4. Trabajadores administrativos,1. Trabajadores  no manuales,"(0.670599, 0.184153, 0.366879, 1.0)",#B24745,#cccccc,0.0,,,,,,,,,,,,
14411,Emp. bibliotecas,4. Trabajadores administrativos,1. Trabajadores  no manuales,"(0.670599, 0.184153, 0.366879, 1.0)",#B24745,#cccccc,1.0,1.0,,,,0.0,100.0,100.0,,,,,
14412,Emp. Serv. Correos,4. Trabajadores administrativos,1. Trabajadores  no manuales,"(0.670599, 0.184153, 0.366879, 1.0)",#B24745,#cccccc,6.0,6.0,,,,33.33,66.67,16.67,,,,,
14413,"Cod. datos, correctores de pruebas de imprenta y afines",4. Trabajadores administrativos,1. Trabajadores  no manuales,"(0.670599, 0.184153, 0.366879, 1.0)",#B24745,#cccccc,0.0,,,,,,,,,,,,
14414,Escribientes públicos,4. Trabajadores administrativos,1. Trabajadores  no manuales,"(0.670599, 0.184153, 0.366879, 1.0)",#B24745,#cccccc,1.0,1.0,,,,100.0,0.0,100.0,,,,,
14415,Emp. archivos,4. Trabajadores administrativos,1. Trabajadores  no manuales,"(0.670599, 0.184153, 0.366879, 1.0)",#B24745,#cccccc,2.0,2.0,,,,0.0,100.0,50.0,,,,,
14416,Emp. Serv. De personal,4. Trabajadores administrativos,1. Trabajadores  no manuales,"(0.670599, 0.184153, 0.366879, 1.0)",#B24745,#cccccc,8.0,8.0,,,,50.0,50.0,37.5,,,,,
14419,Apoyo administrativo,4. Trabajadores administrativos,1. Trabajadores  no manuales,"(0.670599, 0.184153, 0.366879, 1.0)",#B24745,#cccccc,4.0,4.0,,,,50.0,50.0,50.0,,,,,
15000,Trab. servicios y vendedores de comercios y mercados,5. Trabajadores de servicios y ventas,2. Trabajadores de servicios y ventas,"(0.758422, 0.229097, 0.315266, 1.0)",#79AF97,#f1f22e,0.0,,,,,,,,,,,,
15100,Trab. Serv. Personales,5. Trabajadores de servicios y ventas,2. Trabajadores de servicios y ventas,"(0.775059, 0.239667, 0.303526, 1.0)",#79AF97,#f1f22e,0.0,,,,,,,,,,,,
15110,Serv. Pasajeros,5. Trabajadores de servicios y ventas,2. Trabajadores de servicios y ventas,"(0.775059, 0.239667, 0.303526, 1.0)",#79AF97,#f1f22e,0.0,,,,,,,,,,,,
15111,Aux. serv. abordo,5. Trabajadores de servicios y ventas,2. Trabajadores de servicios y ventas,"(0.775059, 0.239667, 0.303526, 1.0)",#79AF97,#f1f22e,3.0,3.0,,,,33.33,66.67,0.0,,,,,
15112,Cobradores transporte público,5. Trabajadores de servicios y ventas,2. Trabajadores de servicios y ventas,"(0.775059, 0.239667, 0.303526, 1.0)",#79AF97,#f1f22e,0.0,,,,,,,,,,,,
15113,Guías de turismo,5. Trabajadores de servicios y ventas,2. Trabajadores de servicios y ventas,"(0.775059, 0.239667, 0.303526, 1.0)",#79AF97,#f1f22e,4.0,4.0,,,,50.0,50.0,0.0,,,,,
15120,Cocineros,5. Trabajadores de servicios y ventas,2. Trabajadores de servicios y ventas,"(0.780517, 0.243327, 0.299523, 1.0)",#79AF97,#f1f22e,75.0,75.0,,,,64.0,36.0,6.67,,,,,
15130,Camareros,5. Trabajadores de servicios y ventas,2. Trabajadores de servicios y ventas,"(0.780517, 0.243327, 0.299523, 1.0)",#79AF97,#f1f22e,0.0,,,,,,,,,,,,
15131,Camarero mesas,5. Trabajadores de servicios y ventas,2. Trabajadores de servicios y ventas,"(0.780517, 0.243327, 0.299523, 1.0)",#79AF97,#f1f22e,51.0,51.0,,,,50.98,49.02,0.0,,,,,
15132,Camarer barra,5. Trabajadores de servicios y ventas,2. Trabajadores de servicios y ventas,"(0.780517, 0.243327, 0.299523, 1.0)",#79AF97,#f1f22e,13.0,13.0,,,,23.08,76.92,0.0,,,,,
15140,"Peluqueros, especialistas en tratamientos de belleza y afines",5. Trabajadores de servicios y ventas,2. Trabajadores de servicios y ventas,"(0.780517, 0.243327, 0.299523, 1.0)",#79AF97,#f1f22e,0.0,,,,,,,,,,,,
15141,Peluqueros,5. Trabajadores de servicios y ventas,2. Trabajadores de servicios y ventas,"(0.780517, 0.243327, 0.299523, 1.0)",#79AF97,#f1f22e,48.0,48.0,,,,81.25,18.75,2.08,,,,,
15142,Esp. Trat belleza,5. Trabajadores de servicios y ventas,2. Trabajadores de servicios y ventas,"(0.780517, 0.243327, 0.299523, 1.0)",#79AF97,#f1f22e,18.0,18.0,,,,100.0,0.0,0.0,,,,,
15150,Sup. Mantenimiento y limpieza,5. Trabajadores de servicios y ventas,2. Trabajadores de servicios y ventas,"(0.780517, 0.243327, 0.299523, 1.0)",#79AF97,#f1f22e,0.0,,,,,,,,,,,,
15151,Sup. Mantenimiento y limpieza hoteles y establecimientos,5. Trabajadores de servicios y ventas,2. Trabajadores de servicios y ventas,"(0.780517, 0.243327, 0.299523, 1.0)",#79AF97,#f1f22e,2.0,2.0,,,,100.0,0.0,50.0,,,,,
15152,Ecónomos y mayordomos domésticos,5. Trabajadores de servicios y ventas,2. Trabajadores de servicios y ventas,"(0.780517, 0.243327, 0.299523, 1.0)",#79AF97,#f1f22e,0.0,,,,,,,,,,,,
15153,Conserjes,5. Trabajadores de servicios y ventas,2. Trabajadores de servicios y ventas,"(0.780517, 0.243327, 0.299523, 1.0)",#79AF97,#f1f22e,52.0,52.0,,,,55.77,44.23,51.92,,,,,
15160,Trab serv. Personales,5. Trabajadores de servicios y ventas,2. Trabajadores de servicios y ventas,"(0.785929, 0.247056, 0.295477, 1.0)",#79AF97,#f1f22e,0.0,,,,,,,,,,,,
15161,"Astrólogos, adivinadores y afines",5. Trabajadores de servicios y ventas,2. Trabajadores de servicios y ventas,"(0.785929, 0.247056, 0.295477, 1.0)",#79AF97,#f1f22e,0.0,,,,,,,,,,,,
15162,Acompañantes y ayudantes de cámara,5. Trabajadores de servicios y ventas,2. Trabajadores de servicios y ventas,"(0.785929, 0.247056, 0.295477, 1.0)",#79AF97,#f1f22e,1.0,1.0,,,,0.0,100.0,0.0,,,,,
15163,Pers. pompas fúnebres y embalsamadores,5. Trabajadores de servicios y ventas,2. Trabajadores de servicios y ventas,"(0.785929, 0.247056, 0.295477, 1.0)",#79AF97,#f1f22e,0.0,,,,,,,,,,,,
15164,Cuid. de animales,5. Trabajadores de servicios y ventas,2. Trabajadores de servicios y ventas,"(0.785929, 0.247056, 0.295477, 1.0)",#79AF97,#f1f22e,4.0,4.0,,,,100.0,0.0,0.0,,,,,
15165,Inst. autoescuela,5. Trabajadores de servicios y ventas,2. Trabajadores de servicios y ventas,"(0.785929, 0.247056, 0.295477, 1.0)",#79AF97,#f1f22e,0.0,,,,,,,,,,,,
15169,Trab. Serv. personales no clasificados bajo otros epígrafes,5. Trabajadores de servicios y ventas,2. Trabajadores de servicios y ventas,"(0.785929, 0.247056, 0.295477, 1.0)",#79AF97,#f1f22e,0.0,,,,,,,,,,,,
15200,Vendedores,5. Trabajadores de servicios y ventas,2. Trabajadores de servicios y ventas,"(0.791293, 0.250856, 0.29139, 1.0)",#79AF97,#f1f22e,0.0,,,,,,,,,,,,
15210,Vend. callejeros y de puestos de mercado,5. Trabajadores de servicios y ventas,2. Trabajadores de servicios y ventas,"(0.791293, 0.250856, 0.29139, 1.0)",#79AF97,#f1f22e,0.0,,,,,,,,,,,,
15211,Vend. quioscos y de puestos de mercado,5. Trabajadores de servicios y ventas,2. Trabajadores de servicios y ventas,"(0.791293, 0.250856, 0.29139, 1.0)",#79AF97,#f1f22e,11.0,11.0,,,,81.82,18.18,0.0,,,,,
15212,Vend. Ambulantes comida,5. Trabajadores de servicios y ventas,2. Trabajadores de servicios y ventas,"(0.791293, 0.250856, 0.29139, 1.0)",#79AF97,#f1f22e,26.0,26.0,,,,61.54,38.46,0.0,,,,,
15220,Comerciantes y vendedores de tiendas y almacenes,5. Trabajadores de servicios y ventas,2. Trabajadores de servicios y ventas,"(0.791293, 0.250856, 0.29139, 1.0)",#79AF97,#f1f22e,0.0,,,,,,,,,,,,
15221,Comerciantes,5. Trabajadores de servicios y ventas,2. Trabajadores de servicios y ventas,"(0.791293, 0.250856, 0.29139, 1.0)",#79AF97,#f1f22e,229.0,229.0,,,,58.08,41.92,0.44,,,,,
15222,Supv. Tiendas y almacenes,5. Trabajadores de servicios y ventas,2. Trabajadores de servicios y ventas,"(0.791293, 0.250856, 0.29139, 1.0)",#79AF97,#f1f22e,35.0,35.0,,,,45.71,54.29,5.71,,,,,
15223,Vendedores,5. Trabajadores de servicios y ventas,2. Trabajadores de servicios y ventas,"(0.791293, 0.250856, 0.29139, 1.0)",#79AF97,#f1f22e,296.0,296.0,,,,62.16,37.84,1.35,,,,,
15230,Cajeros y expendedores de billetes,5. Trabajadores de servicios y ventas,2. Trabajadores de servicios y ventas,"(0.796607, 0.254728, 0.287264, 1.0)",#79AF97,#f1f22e,52.0,52.0,,,,75.0,25.0,3.85,,,,,
15240,Vendedores n/c,5. Trabajadores de servicios y ventas,2. Trabajadores de servicios y ventas,"(0.796607, 0.254728, 0.287264, 1.0)",#79AF97,#f1f22e,0.0,,,,,,,,,,,,
15241,"Modelos de moda, arte y publicidad",5. Trabajadores de servicios y ventas,2. Trabajadores de servicios y ventas,"(0.796607, 0.254728, 0.287264, 1.0)",#79AF97,#f1f22e,1.0,1.0,,,,100.0,0.0,0.0,,,,,
15242,Dem. tiendas,5. Trabajadores de servicios y ventas,2. Trabajadores de servicios y ventas,"(0.796607, 0.254728, 0.287264, 1.0)",#79AF97,#f1f22e,2.0,2.0,,,,100.0,0.0,0.0,,,,,
15243,Vend. puerta a puerta,5. Trabajadores de servicios y ventas,2. Trabajadores de servicios y ventas,"(0.796607, 0.254728, 0.287264, 1.0)",#79AF97,#f1f22e,18.0,18.0,,,,72.22,27.78,0.0,,,,,
15244,Vend. Telefónicos,5. Trabajadores de servicios y ventas,2. Trabajadores de servicios y ventas,"(0.796607, 0.254728, 0.287264, 1.0)",#79AF97,#f1f22e,7.0,7.0,,,,71.43,28.57,0.0,,,,,
15245,Exp. Gasolineras,5. Trabajadores de servicios y ventas,2. Trabajadores de servicios y ventas,"(0.796607, 0.254728, 0.287264, 1.0)",#79AF97,#f1f22e,7.0,7.0,,,,42.86,57.14,0.0,,,,,
15246,Vend. comidas al mostrador,5. Trabajadores de servicios y ventas,2. Trabajadores de servicios y ventas,"(0.796607, 0.254728, 0.287264, 1.0)",#79AF97,#f1f22e,10.0,10.0,,,,80.0,20.0,0.0,,,,,
15249,Vendedoren/c,5. Trabajadores de servicios y ventas,2. Trabajadores de servicios y ventas,"(0.796607, 0.254728, 0.287264, 1.0)",#79AF97,#f1f22e,0.0,,,,,,,,,,,,
15300,Trab. Cuidados personales,5. Trabajadores de servicios y ventas,2. Trabajadores de servicios y ventas,"(0.801871, 0.258674, 0.283099, 1.0)",#79AF97,#f1f22e,0.0,,,,,,,,,,,,
15310,Cuid. niños y auxiliares de maestros,5. Trabajadores de servicios y ventas,2. Trabajadores de servicios y ventas,"(0.807082, 0.262692, 0.278898, 1.0)",#79AF97,#f1f22e,0.0,,,,,,,,,,,,
15311,Cuid. de niños,5. Trabajadores de servicios y ventas,2. Trabajadores de servicios y ventas,"(0.807082, 0.262692, 0.278898, 1.0)",#79AF97,#f1f22e,103.0,103.0,,,,98.06,1.94,2.91,,,,,
15312,Aux. de maestros,5. Trabajadores de servicios y ventas,2. Trabajadores de servicios y ventas,"(0.807082, 0.262692, 0.278898, 1.0)",#79AF97,#f1f22e,6.0,6.0,,,,66.67,33.33,83.33,,,,,
15320,Trab. Cuid. Personales en servicios de salud,5. Trabajadores de servicios y ventas,2. Trabajadores de servicios y ventas,"(0.807082, 0.262692, 0.278898, 1.0)",#79AF97,#f1f22e,0.0,,,,,,,,,,,,
15321,Trab. Cuid. Pers. instituciones,5. Trabajadores de servicios y ventas,2. Trabajadores de servicios y ventas,"(0.807082, 0.262692, 0.278898, 1.0)",#79AF97,#f1f22e,13.0,13.0,,,,92.31,7.69,23.08,,,,,
15322,Trab. Cuid. personales,5. Trabajadores de servicios y ventas,2. Trabajadores de servicios y ventas,"(0.807082, 0.262692, 0.278898, 1.0)",#79AF97,#f1f22e,112.0,112.0,,,,86.61,13.39,2.68,,,,,
15329,Trab. Cuid. Pers servicios de salud n/c,5. Trabajadores de servicios y ventas,2. Trabajadores de servicios y ventas,"(0.807082, 0.262692, 0.278898, 1.0)",#79AF97,#f1f22e,0.0,,,,,,,,,,,,
15400,Serv. Protección,5. Trabajadores de servicios y ventas,2. Trabajadores de servicios y ventas,"(0.817341, 0.270954, 0.27039, 1.0)",#79AF97,#f1f22e,0.0,,,,,,,,,,,,
15410,Serv. Protección,5. Trabajadores de servicios y ventas,2. Trabajadores de servicios y ventas,"(0.817341, 0.270954, 0.27039, 1.0)",#79AF97,#f1f22e,0.0,,,,,,,,,,,,
15411,Bomberos,5. Trabajadores de servicios y ventas,2. Trabajadores de servicios y ventas,"(0.817341, 0.270954, 0.27039, 1.0)",#79AF97,#f1f22e,3.0,3.0,,,,33.33,66.67,100.0,,,,,
15412,Policías,5. Trabajadores de servicios y ventas,2. Trabajadores de servicios y ventas,"(0.817341, 0.270954, 0.27039, 1.0)",#79AF97,#f1f22e,49.0,49.0,,,,10.2,89.8,93.88,,,,,
15413,Guar. de prisión,5. Trabajadores de servicios y ventas,2. Trabajadores de servicios y ventas,"(0.817341, 0.270954, 0.27039, 1.0)",#79AF97,#f1f22e,11.0,11.0,,,,9.09,90.91,100.0,,,,,
15414,Guardias de protección,5. Trabajadores de servicios y ventas,2. Trabajadores de servicios y ventas,"(0.817341, 0.270954, 0.27039, 1.0)",#79AF97,#f1f22e,41.0,41.0,,,,12.2,87.8,34.15,,,,,
15419,Serv. Protección n/c,5. Trabajadores de servicios y ventas,2. Trabajadores de servicios y ventas,"(0.822386, 0.275197, 0.266085, 1.0)",#79AF97,#f1f22e,2.0,2.0,,,,50.0,50.0,100.0,,,,,
16000,"Agricultores y trabajadores calificados agropecuarios, forestales y pesqueros",6. Trabajadores agropecuarios,3. Trabajadores manuales,"(0.890341, 0.347957, 0.198286, 1.0)",#6A6599,#17becf,0.0,,,,,,,,,,,,
16100,Agricultores y trabajadores calificados de explotaciones agropecuarias con destino al mercado,6. Trabajadores agropecuarios,3. Trabajadores manuales,"(0.902003, 0.364492, 0.184116, 1.0)",#6A6599,#17becf,2.0,2.0,,,,0.0,100.0,0.0,,,,,
16110,Agricultores y trabajadores calificados de jardines y de cultivos para el mercado,6. Trabajadores agropecuarios,3. Trabajadores manuales,"(0.902003, 0.364492, 0.184116, 1.0)",#6A6599,#17becf,0.0,,,,,,,,,,,,
16111,Agricultores y trabajadores calificados de cultivos extensivos,6. Trabajadores agropecuarios,3. Trabajadores manuales,"(0.902003, 0.364492, 0.184116, 1.0)",#6A6599,#17becf,12.0,12.0,,,,8.33,91.67,0.0,,,,,
16112,Agricultores y trabajadores calificados de plantaciones de árboles y arbustos,6. Trabajadores agropecuarios,3. Trabajadores manuales,"(0.902003, 0.364492, 0.184116, 1.0)",#6A6599,#17becf,2.0,2.0,,,,0.0,100.0,0.0,,,,,
16113,"Agricultores y trabajadores calificados de huertas, invernaderos, viveros y jardines",6. Trabajadores agropecuarios,3. Trabajadores manuales,"(0.902003, 0.364492, 0.184116, 1.0)",#6A6599,#17becf,13.0,13.0,,,,53.85,46.15,15.38,,,,,
16114,Agricultores y trabajadores calificados de cultivos mixtos,6. Trabajadores agropecuarios,3. Trabajadores manuales,"(0.902003, 0.364492, 0.184116, 1.0)",#6A6599,#17becf,1.0,1.0,,,,0.0,100.0,0.0,,,,,
16120,Criadores y trabajadores pecuarios calificados de la cría de animales para el mercado y afines,6. Trabajadores agropecuarios,3. Trabajadores manuales,"(0.902003, 0.364492, 0.184116, 1.0)",#6A6599,#17becf,0.0,,,,,,,,,,,,
16121,Criadores de ganado,6. Trabajadores agropecuarios,3. Trabajadores manuales,"(0.902003, 0.364492, 0.184116, 1.0)",#6A6599,#17becf,7.0,7.0,,,,0.0,100.0,0.0,,,,,
16122,Avicultores y trabajadores calificados de la avicultura,6. Trabajadores agropecuarios,3. Trabajadores manuales,"(0.902003, 0.364492, 0.184116, 1.0)",#6A6599,#17becf,0.0,,,,,,,,,,,,
16123,Apicultores y sericultores y trabajadores calificados de la apicultura y la sericultura,6. Trabajadores agropecuarios,3. Trabajadores manuales,"(0.902003, 0.364492, 0.184116, 1.0)",#6A6599,#17becf,1.0,1.0,,,,0.0,100.0,0.0,,,,,
16129,Criadores y trabajadores pecuarios calificados de la cría de animales no clasificados bajo otros epígrafes,6. Trabajadores agropecuarios,3. Trabajadores manuales,"(0.902003, 0.364492, 0.184116, 1.0)",#6A6599,#17becf,0.0,,,,,,,,,,,,
16130,Prod y trab agrop,6. Trabajadores agropecuarios,3. Trabajadores manuales,"(0.902003, 0.364492, 0.184116, 1.0)",#6A6599,#17becf,3.0,3.0,,,,0.0,100.0,0.0,,,,,
16200,"Trab. forestales calificados, pescadores y cazadores",6. Trabajadores agropecuarios,3. Trabajadores manuales,"(0.90939, 0.375856, 0.174563, 1.0)",#6A6599,#17becf,0.0,,,,,,,,,,,,
16210,Trab. forestales calificados y afines,6. Trabajadores agropecuarios,3. Trabajadores manuales,"(0.912966, 0.381636, 0.169755, 1.0)",#6A6599,#17becf,1.0,1.0,,,,0.0,100.0,0.0,,,,,
16220,"Pescadores, cazadores y tramperos",6. Trabajadores agropecuarios,3. Trabajadores manuales,"(0.912966, 0.381636, 0.169755, 1.0)",#6A6599,#17becf,0.0,,,,,,,,,,,,
16221,Trab. acuicultura,6. Trabajadores agropecuarios,3. Trabajadores manuales,"(0.912966, 0.381636, 0.169755, 1.0)",#6A6599,#17becf,0.0,,,,,,,,,,,,
16222,Pescadores de agua dulce y en aguas costeras,6. Trabajadores agropecuarios,3. Trabajadores manuales,"(0.912966, 0.381636, 0.169755, 1.0)",#6A6599,#17becf,0.0,,,,,,,,,,,,
16223,Pescadores de alta mar,6. Trabajadores agropecuarios,3. Trabajadores manuales,"(0.912966, 0.381636, 0.169755, 1.0)",#6A6599,#17becf,0.0,,,,,,,,,,,,
16224,Cazadores y tramperos,6. Trabajadores agropecuarios,3. Trabajadores manuales,"(0.912966, 0.381636, 0.169755, 1.0)",#6A6599,#17becf,0.0,,,,,,,,,,,,
16300,"Trab. agropecuarios, pescadores, cazadores y recolectores de subsistencia",6. Trabajadores agropecuarios,3. Trabajadores manuales,"(0.919879, 0.393389, 0.16007, 1.0)",#6A6599,#17becf,0.0,,,,,,,,,,,,
16310,Trab. agrícolas de subsistencia,6. Trabajadores agropecuarios,3. Trabajadores manuales,"(0.919879, 0.393389, 0.16007, 1.0)",#6A6599,#17becf,1.0,1.0,,,,100.0,0.0,0.0,,,,,
16320,Trab. agropecuarios de subsistencia,6. Trabajadores agropecuarios,3. Trabajadores manuales,"(0.923215, 0.399359, 0.155193, 1.0)",#6A6599,#17becf,1.0,1.0,,,,0.0,100.0,0.0,,,,,
16330,Trab. agropecuarios de subsistencia,6. Trabajadores agropecuarios,3. Trabajadores manuales,"(0.923215, 0.399359, 0.155193, 1.0)",#6A6599,#17becf,0.0,,,,,,,,,,,,
16340,"Pescadores, cazadores, tramperos y recolectores de subsistencia",6. Trabajadores agropecuarios,3. Trabajadores manuales,"(0.923215, 0.399359, 0.155193, 1.0)",#6A6599,#17becf,0.0,,,,,,,,,,,,
17000,"Oficiales, oprarios y artesanos",7. Trabajadores de oficios,3. Trabajadores manuales,"(0.969163, 0.515946, 0.063488, 1.0)",#80796B,#17becf,0.0,,,,,,,,,,,,
17100,Of. Y op. Construcción,7. Trabajadores de oficios,3. Trabajadores manuales,"(0.97259, 0.529798, 0.053324, 1.0)",#80796B,#17becf,0.0,,,,,,,,,,,,
17110,Of. Y op. Construcción,7. Trabajadores de oficios,3. Trabajadores manuales,"(0.974176, 0.53678, 0.048392, 1.0)",#80796B,#17becf,0.0,,,,,,,,,,,,
17111,Constructore,7. Trabajadores de oficios,3. Trabajadores manuales,"(0.974176, 0.53678, 0.048392, 1.0)",#80796B,#17becf,13.0,13.0,,,,7.69,92.31,0.0,,,,,
17112,Albañiles,7. Trabajadores de oficios,3. Trabajadores manuales,"(0.974176, 0.53678, 0.048392, 1.0)",#80796B,#17becf,164.0,164.0,,,,4.27,95.73,9.76,,,,,
17113,"Mamposteros, tronzadores, labrantes y grabadores de piedra",7. Trabajadores de oficios,3. Trabajadores manuales,"(0.974176, 0.53678, 0.048392, 1.0)",#80796B,#17becf,1.0,1.0,,,,0.0,100.0,0.0,,,,,
17114,Op en cemento armado,7. Trabajadores de oficios,3. Trabajadores manuales,"(0.974176, 0.53678, 0.048392, 1.0)",#80796B,#17becf,0.0,,,,,,,,,,,,
17115,Carpinteros de armar y de obra blanca,7. Trabajadores de oficios,3. Trabajadores manuales,"(0.974176, 0.53678, 0.048392, 1.0)",#80796B,#17becf,9.0,9.0,,,,0.0,100.0,0.0,,,,,
17119,Of. Y op. Construcción,7. Trabajadores de oficios,3. Trabajadores manuales,"(0.974176, 0.53678, 0.048392, 1.0)",#80796B,#17becf,0.0,,,,,,,,,,,,
17120,Of. Y op. Construcción,7. Trabajadores de oficios,3. Trabajadores manuales,"(0.974176, 0.53678, 0.048392, 1.0)",#80796B,#17becf,0.0,,,,,,,,,,,,
17121,Techadores,7. Trabajadores de oficios,3. Trabajadores manuales,"(0.974176, 0.53678, 0.048392, 1.0)",#80796B,#17becf,4.0,4.0,,,,25.0,75.0,0.0,,,,,
17122,Parqueteros y colocadores de suelos,7. Trabajadores de oficios,3. Trabajadores manuales,"(0.974176, 0.53678, 0.048392, 1.0)",#80796B,#17becf,0.0,,,,,,,,,,,,
17123,Revocadores,7. Trabajadores de oficios,3. Trabajadores manuales,"(0.974176, 0.53678, 0.048392, 1.0)",#80796B,#17becf,9.0,9.0,,,,0.0,100.0,0.0,,,,,
17124,Innst. material aislante y de insonorización,7. Trabajadores de oficios,3. Trabajadores manuales,"(0.974176, 0.53678, 0.048392, 1.0)",#80796B,#17becf,1.0,1.0,,,,0.0,100.0,0.0,,,,,
17125,Cristaleros,7. Trabajadores de oficios,3. Trabajadores manuales,"(0.974176, 0.53678, 0.048392, 1.0)",#80796B,#17becf,0.0,,,,,,,,,,,,
17126,Fontaneros e instaladores de tuberías,7. Trabajadores de oficios,3. Trabajadores manuales,"(0.974176, 0.53678, 0.048392, 1.0)",#80796B,#17becf,25.0,25.0,,,,4.0,96.0,4.0,,,,,
17127,Méc. Refrigreación,7. Trabajadores de oficios,3. Trabajadores manuales,"(0.974176, 0.53678, 0.048392, 1.0)",#80796B,#17becf,9.0,9.0,,,,0.0,100.0,0.0,,,,,
17130,"Pintores, limpiadores de fachadas y afines",7. Trabajadores de oficios,3. Trabajadores manuales,"(0.974176, 0.53678, 0.048392, 1.0)",#80796B,#17becf,0.0,,,,,,,,,,,,
17131,Pintores y empapeladores,7. Trabajadores de oficios,3. Trabajadores manuales,"(0.974176, 0.53678, 0.048392, 1.0)",#80796B,#17becf,31.0,31.0,,,,3.23,96.77,0.0,,,,,
17132,Barnizadores y afines,7. Trabajadores de oficios,3. Trabajadores manuales,"(0.974176, 0.53678, 0.048392, 1.0)",#80796B,#17becf,3.0,3.0,,,,0.0,100.0,0.0,,,,,
17133,Limpiadores de fachadas y deshollinadores,7. Trabajadores de oficios,3. Trabajadores manuales,"(0.974176, 0.53678, 0.048392, 1.0)",#80796B,#17becf,0.0,,,,,,,,,,,,
17200,Of. Y op. Metalurgia,7. Trabajadores de oficios,3. Trabajadores manuales,"(0.977092, 0.55085, 0.03905, 1.0)",#80796B,#17becf,1.0,1.0,,,,0.0,100.0,0.0,,,,,
17210,"Moldeadores, soldadores, chapistas, caldereros, montadores de estructuras metálicas y afines",7. Trabajadores de oficios,3. Trabajadores manuales,"(0.977092, 0.55085, 0.03905, 1.0)",#80796B,#17becf,1.0,1.0,,,,0.0,100.0,0.0,,,,,
17211,Moldeadores y macheros,7. Trabajadores de oficios,3. Trabajadores manuales,"(0.977092, 0.55085, 0.03905, 1.0)",#80796B,#17becf,2.0,2.0,,,,0.0,100.0,0.0,,,,,
17212,Soldadores y oxicortadores,7. Trabajadores de oficios,3. Trabajadores manuales,"(0.977092, 0.55085, 0.03905, 1.0)",#80796B,#17becf,18.0,18.0,,,,5.56,94.44,11.11,,,,,
17213,Chapistas y caldereros,7. Trabajadores de oficios,3. Trabajadores manuales,"(0.977092, 0.55085, 0.03905, 1.0)",#80796B,#17becf,10.0,10.0,,,,0.0,100.0,20.0,,,,,
17214,Montadores de estructuras metálicas,7. Trabajadores de oficios,3. Trabajadores manuales,"(0.977092, 0.55085, 0.03905, 1.0)",#80796B,#17becf,2.0,2.0,,,,0.0,100.0,0.0,,,,,
17215,Aparejadores y empalmadores de cables,7. Trabajadores de oficios,3. Trabajadores manuales,"(0.977092, 0.55085, 0.03905, 1.0)",#80796B,#17becf,0.0,,,,,,,,,,,,
17220,"Herreros, herramentistas y afines",7. Trabajadores de oficios,3. Trabajadores manuales,"(0.977092, 0.55085, 0.03905, 1.0)",#80796B,#17becf,0.0,,,,,,,,,,,,
17221,Herreros y forjadores,7. Trabajadores de oficios,3. Trabajadores manuales,"(0.977092, 0.55085, 0.03905, 1.0)",#80796B,#17becf,15.0,15.0,,,,0.0,100.0,0.0,,,,,
17222,Herramentistas y afines,7. Trabajadores de oficios,3. Trabajadores manuales,"(0.978422, 0.557937, 0.034931, 1.0)",#80796B,#17becf,2.0,2.0,,,,0.0,100.0,0.0,,,,,
17223,Reg. Y Op. máquinas herramientas,7. Trabajadores de oficios,3. Trabajadores manuales,"(0.978422, 0.557937, 0.034931, 1.0)",#80796B,#17becf,10.0,10.0,,,,0.0,100.0,0.0,,,,,
17224,Pulidores de metales y afiladores de herramientas,7. Trabajadores de oficios,3. Trabajadores manuales,"(0.978422, 0.557937, 0.034931, 1.0)",#80796B,#17becf,1.0,1.0,,,,0.0,100.0,0.0,,,,,
17230,Méc y rep. Maquinaria,7. Trabajadores de oficios,3. Trabajadores manuales,"(0.978422, 0.557937, 0.034931, 1.0)",#80796B,#17becf,1.0,1.0,,,,0.0,100.0,0.0,,,,,
17231,Mec. Vehículos de motor,7. Trabajadores de oficios,3. Trabajadores manuales,"(0.978422, 0.557937, 0.034931, 1.0)",#80796B,#17becf,43.0,43.0,,,,2.33,97.67,2.33,,,,,
17232,Méc y re. Motores de avión,7. Trabajadores de oficios,3. Trabajadores manuales,"(0.978422, 0.557937, 0.034931, 1.0)",#80796B,#17becf,0.0,,,,,,,,,,,,
17233,Méc. Maq. Agrícola,7. Trabajadores de oficios,3. Trabajadores manuales,"(0.978422, 0.557937, 0.034931, 1.0)",#80796B,#17becf,8.0,8.0,,,,0.0,100.0,25.0,,,,,
17234,Rep. Bicicletas y afines,7. Trabajadores de oficios,3. Trabajadores manuales,"(0.978422, 0.557937, 0.034931, 1.0)",#80796B,#17becf,1.0,1.0,,,,0.0,100.0,0.0,,,,,
17300,Art. Y Op. Artes gráficas,7. Trabajadores de oficios,3. Trabajadores manuales,"(0.980824, 0.572209, 0.028508, 1.0)",#80796B,#17becf,0.0,,,,,,,,,,,,
17310,Artesanos,7. Trabajadores de oficios,3. Trabajadores manuales,"(0.980824, 0.572209, 0.028508, 1.0)",#80796B,#17becf,4.0,4.0,,,,100.0,0.0,0.0,,,,,
17311,Méc. Y rep. Instrumentos de presición,7. Trabajadores de oficios,3. Trabajadores manuales,"(0.980824, 0.572209, 0.028508, 1.0)",#80796B,#17becf,3.0,3.0,,,,33.33,66.67,0.0,,,,,
17312,Fab. Y afi. Inst musicales,7. Trabajadores de oficios,3. Trabajadores manuales,"(0.980824, 0.572209, 0.028508, 1.0)",#80796B,#17becf,0.0,,,,,,,,,,,,
17313,"Joyeros, orfebres y plateros",7. Trabajadores de oficios,3. Trabajadores manuales,"(0.980824, 0.572209, 0.028508, 1.0)",#80796B,#17becf,3.0,3.0,,,,66.67,33.33,0.0,,,,,
17314,"Alfareros y afines (barro, arcilla y abrasivos)",7. Trabajadores de oficios,3. Trabajadores manuales,"(0.980824, 0.572209, 0.028508, 1.0)",#80796B,#17becf,4.0,4.0,,,,75.0,25.0,0.0,,,,,
17315,"Sopladores, modeladores, laminadores, cortadores y pulidores de vidrio",7. Trabajadores de oficios,3. Trabajadores manuales,"(0.980824, 0.572209, 0.028508, 1.0)",#80796B,#17becf,3.0,3.0,,,,100.0,0.0,0.0,,,,,
17316,"Redactores de carteles, pintores decorativos y grabadores",7. Trabajadores de oficios,3. Trabajadores manuales,"(0.980824, 0.572209, 0.028508, 1.0)",#80796B,#17becf,2.0,2.0,,,,50.0,50.0,0.0,,,,,
17317,"Artesano madera, cestería y materiales similares",7. Trabajadores de oficios,3. Trabajadores manuales,"(0.980824, 0.572209, 0.028508, 1.0)",#80796B,#17becf,4.0,4.0,,,,50.0,50.0,0.0,,,,,
17318,"Artesano tejidos, el cuero y materiales similares",7. Trabajadores de oficios,3. Trabajadores manuales,"(0.980824, 0.572209, 0.028508, 1.0)",#80796B,#17becf,2.0,2.0,,,,50.0,50.0,0.0,,,,,
17319,Artesanon/c,7. Trabajadores de oficios,3. Trabajadores manuales,"(0.980824, 0.572209, 0.028508, 1.0)",#80796B,#17becf,4.0,4.0,,,,100.0,0.0,0.0,,,,,
17320,Of. Y Op. Art gráficas,7. Trabajadores de oficios,3. Trabajadores manuales,"(0.980824, 0.572209, 0.028508, 1.0)",#80796B,#17becf,0.0,,,,,,,,,,,,
17321,"Cajistas, tipógrafos y afines",7. Trabajadores de oficios,3. Trabajadores manuales,"(0.980824, 0.572209, 0.028508, 1.0)",#80796B,#17becf,1.0,1.0,,,,0.0,100.0,0.0,,,,,
17322,Impresores,7. Trabajadores de oficios,3. Trabajadores manuales,"(0.980824, 0.572209, 0.028508, 1.0)",#80796B,#17becf,5.0,5.0,,,,20.0,80.0,0.0,,,,,
17323,Encuadernadores y afines,7. Trabajadores de oficios,3. Trabajadores manuales,"(0.980824, 0.572209, 0.028508, 1.0)",#80796B,#17becf,0.0,,,,,,,,,,,,
17400,Trab. electricidad y la elecrotecnología,7. Trabajadores de oficios,3. Trabajadores manuales,"(0.982881, 0.586606, 0.024661, 1.0)",#80796B,#17becf,2.0,2.0,,,,0.0,100.0,0.0,,,,,
17410,Inst. y rep. electricos,7. Trabajadores de oficios,3. Trabajadores manuales,"(0.983779, 0.593849, 0.02377, 1.0)",#80796B,#17becf,0.0,,,,,,,,,,,,
17411,Electricistas de obras y afines,7. Trabajadores de oficios,3. Trabajadores manuales,"(0.983779, 0.593849, 0.02377, 1.0)",#80796B,#17becf,22.0,22.0,,,,4.55,95.45,0.0,,,,,
17412,Méc. Electricistas,7. Trabajadores de oficios,3. Trabajadores manuales,"(0.983779, 0.593849, 0.02377, 1.0)",#80796B,#17becf,14.0,14.0,,,,7.14,92.86,7.14,,,,,
17413,Inst. y rep líneas eléctricas,7. Trabajadores de oficios,3. Trabajadores manuales,"(0.983779, 0.593849, 0.02377, 1.0)",#80796B,#17becf,12.0,12.0,,,,0.0,100.0,25.0,,,,,
17420,Inst. y rep electrónicos y telecomunicaciones,7. Trabajadores de oficios,3. Trabajadores manuales,"(0.983779, 0.593849, 0.02377, 1.0)",#80796B,#17becf,0.0,,,,,,,,,,,,
17421,Méc. Y rep. Electrónicos,7. Trabajadores de oficios,3. Trabajadores manuales,"(0.983779, 0.593849, 0.02377, 1.0)",#80796B,#17becf,4.0,4.0,,,,25.0,75.0,0.0,,,,,
17422,Inst. y rep IT,7. Trabajadores de oficios,3. Trabajadores manuales,"(0.983779, 0.593849, 0.02377, 1.0)",#80796B,#17becf,10.0,10.0,,,,0.0,100.0,20.0,,,,,
17500,Op. Proces alimentos,7. Trabajadores de oficios,3. Trabajadores manuales,"(0.985315, 0.608422, 0.024202, 1.0)",#80796B,#17becf,0.0,,,,,,,,,,,,
17510,Of. Y Op elab alimentos,7. Trabajadores de oficios,3. Trabajadores manuales,"(0.985315, 0.608422, 0.024202, 1.0)",#80796B,#17becf,0.0,,,,,,,,,,,,
17511,"Carniceros, pescaderos y afines",7. Trabajadores de oficios,3. Trabajadores manuales,"(0.985315, 0.608422, 0.024202, 1.0)",#80796B,#17becf,21.0,21.0,,,,14.29,85.71,4.76,,,,,
17512,"Panaderos, pasteleros y confiteros",7. Trabajadores de oficios,3. Trabajadores manuales,"(0.985315, 0.608422, 0.024202, 1.0)",#80796B,#17becf,49.0,49.0,,,,65.31,34.69,2.04,,,,,
17513,Op. Elab. Lácteos,7. Trabajadores de oficios,3. Trabajadores manuales,"(0.985315, 0.608422, 0.024202, 1.0)",#80796B,#17becf,2.0,2.0,,,,0.0,100.0,0.0,,,,,
17514,Op. Cons. Frutas y vegetales,7. Trabajadores de oficios,3. Trabajadores manuales,"(0.985315, 0.608422, 0.024202, 1.0)",#80796B,#17becf,2.0,2.0,,,,50.0,50.0,0.0,,,,,
17515,Catadores y clasificadores de alimentos y bebidas,7. Trabajadores de oficios,3. Trabajadores manuales,"(0.985315, 0.608422, 0.024202, 1.0)",#80796B,#17becf,1.0,1.0,,,,0.0,100.0,0.0,,,,,
17516,Elab. Tábaco,7. Trabajadores de oficios,3. Trabajadores manuales,"(0.985315, 0.608422, 0.024202, 1.0)",#80796B,#17becf,0.0,,,,,,,,,,,,
17520,Of. Y Op. Madera,7. Trabajadores de oficios,3. Trabajadores manuales,"(0.985315, 0.608422, 0.024202, 1.0)",#80796B,#17becf,0.0,,,,,,,,,,,,
17521,Op. Trat. Madera,7. Trabajadores de oficios,3. Trabajadores manuales,"(0.985315, 0.608422, 0.024202, 1.0)",#80796B,#17becf,0.0,,,,,,,,,,,,
17522,Ebanistas y afines,7. Trabajadores de oficios,3. Trabajadores manuales,"(0.985315, 0.608422, 0.024202, 1.0)",#80796B,#17becf,15.0,15.0,,,,6.67,93.33,0.0,,,,,
17523,Reg. Y op. máquinas de labrar madera,7. Trabajadores de oficios,3. Trabajadores manuales,"(0.985952, 0.61575, 0.025592, 1.0)",#80796B,#17becf,1.0,1.0,,,,0.0,100.0,0.0,,,,,
17530,Of. Y Op. Confección,7. Trabajadores de oficios,3. Trabajadores manuales,"(0.985952, 0.61575, 0.025592, 1.0)",#80796B,#17becf,0.0,,,,,,,,,,,,
17531,"Sastres, modistos, peleteros y sombrereros",7. Trabajadores de oficios,3. Trabajadores manuales,"(0.985952, 0.61575, 0.025592, 1.0)",#80796B,#17becf,32.0,32.0,,,,100.0,0.0,3.12,,,,,
17532,Patronistas y cortadores de tela y afines,7. Trabajadores de oficios,3. Trabajadores manuales,"(0.985952, 0.61575, 0.025592, 1.0)",#80796B,#17becf,2.0,2.0,,,,100.0,0.0,50.0,,,,,
17533,"Costureros, bordadores y afines",7. Trabajadores de oficios,3. Trabajadores manuales,"(0.985952, 0.61575, 0.025592, 1.0)",#80796B,#17becf,44.0,44.0,,,,90.91,9.09,2.27,,,,,
17534,"Tapiceros, colchoneros y afines",7. Trabajadores de oficios,3. Trabajadores manuales,"(0.985952, 0.61575, 0.025592, 1.0)",#80796B,#17becf,2.0,2.0,,,,0.0,100.0,0.0,,,,,
17535,"Apelambradores, pellejeros y curtidores",7. Trabajadores de oficios,3. Trabajadores manuales,"(0.985952, 0.61575, 0.025592, 1.0)",#80796B,#17becf,0.0,,,,,,,,,,,,
17536,Zapateros y afines,7. Trabajadores de oficios,3. Trabajadores manuales,"(0.985952, 0.61575, 0.025592, 1.0)",#80796B,#17becf,6.0,6.0,,,,0.0,100.0,0.0,,,,,
17540,Of. Y Op. n/c,7. Trabajadores de oficios,3. Trabajadores manuales,"(0.985952, 0.61575, 0.025592, 1.0)",#80796B,#17becf,0.0,,,,,,,,,,,,
17541,Buzos,7. Trabajadores de oficios,3. Trabajadores manuales,"(0.985952, 0.61575, 0.025592, 1.0)",#80796B,#17becf,0.0,,,,,,,,,,,,
17542,Dinamiteros y pegadores,7. Trabajadores de oficios,3. Trabajadores manuales,"(0.985952, 0.61575, 0.025592, 1.0)",#80796B,#17becf,0.0,,,,,,,,,,,,
17543,Clasificadores y probadores de productos (excluyendo alimentos y bebidas),7. Trabajadores de oficios,3. Trabajadores manuales,"(0.985952, 0.61575, 0.025592, 1.0)",#80796B,#17becf,2.0,2.0,,,,100.0,0.0,0.0,,,,,
17544,Fumigadores y otros controladores de plagas y malas hierbas,7. Trabajadores de oficios,3. Trabajadores manuales,"(0.985952, 0.61575, 0.025592, 1.0)",#80796B,#17becf,3.0,3.0,,,,0.0,100.0,0.0,,,,,
17549,Of. Y Op. Mecánicos,7. Trabajadores de oficios,3. Trabajadores manuales,"(0.985952, 0.61575, 0.025592, 1.0)",#80796B,#17becf,0.0,,,,,,,,,,,,
18000,Op. Maquinas y ensambladores,8. Operarios calificados,3. Trabajadores manuales,"(0.986694, 0.70554, 0.095694, 1.0)",#05897B,#17becf,2.0,2.0,,,,50.0,50.0,0.0,,,,,
18100,Op. Inst y maquinaria,8. Operarios calificados,3. Trabajadores manuales,"(0.984865, 0.728427, 0.120785, 1.0)",#05897B,#17becf,0.0,,,,,,,,,,,,
18110,Op. Inst minería,8. Operarios calificados,3. Trabajadores manuales,"(0.984865, 0.728427, 0.120785, 1.0)",#05897B,#17becf,0.0,,,,,,,,,,,,
18111,Mineros y operadores de instalaciones mineras,8. Operarios calificados,3. Trabajadores manuales,"(0.984865, 0.728427, 0.120785, 1.0)",#05897B,#17becf,1.0,1.0,,,,0.0,100.0,0.0,,,,,
18112,Op. Proces minerales,8. Operarios calificados,3. Trabajadores manuales,"(0.984865, 0.728427, 0.120785, 1.0)",#05897B,#17becf,0.0,,,,,,,,,,,,
18113,Perforadores y sondistas de pozos y afines,8. Operarios calificados,3. Trabajadores manuales,"(0.984865, 0.728427, 0.120785, 1.0)",#05897B,#17becf,3.0,3.0,,,,0.0,100.0,0.0,,,,,
18114,Op. Maq. Cemento,8. Operarios calificados,3. Trabajadores manuales,"(0.984865, 0.728427, 0.120785, 1.0)",#05897B,#17becf,1.0,1.0,,,,0.0,100.0,100.0,,,,,
18120,Op. Proces metales,8. Operarios calificados,3. Trabajadores manuales,"(0.984865, 0.728427, 0.120785, 1.0)",#05897B,#17becf,0.0,,,,,,,,,,,,
18121,Op. proces metales,8. Operarios calificados,3. Trabajadores manuales,"(0.984865, 0.728427, 0.120785, 1.0)",#05897B,#17becf,9.0,9.0,,,,11.11,88.89,0.0,,,,,
18122,Op. Pulidoras y rec. Metales,8. Operarios calificados,3. Trabajadores manuales,"(0.984865, 0.728427, 0.120785, 1.0)",#05897B,#17becf,1.0,1.0,,,,0.0,100.0,0.0,,,,,
18130,Op. Prod químicos y fotográficos,8. Operarios calificados,3. Trabajadores manuales,"(0.984075, 0.736087, 0.129527, 1.0)",#05897B,#17becf,0.0,,,,,,,,,,,,
18131,Op. Plant químicas,8. Operarios calificados,3. Trabajadores manuales,"(0.984075, 0.736087, 0.129527, 1.0)",#05897B,#17becf,2.0,2.0,,,,0.0,100.0,50.0,,,,,
18132,Op. Maq fotográficos,8. Operarios calificados,3. Trabajadores manuales,"(0.984075, 0.736087, 0.129527, 1.0)",#05897B,#17becf,0.0,,,,,,,,,,,,
18140,Op. Maq. Caucho y afines,8. Operarios calificados,3. Trabajadores manuales,"(0.984075, 0.736087, 0.129527, 1.0)",#05897B,#17becf,0.0,,,,,,,,,,,,
18141,Op. Maq. Caucho,8. Operarios calificados,3. Trabajadores manuales,"(0.984075, 0.736087, 0.129527, 1.0)",#05897B,#17becf,7.0,7.0,,,,0.0,100.0,0.0,,,,,
18142,Op. Maq. Plástico,8. Operarios calificados,3. Trabajadores manuales,"(0.984075, 0.736087, 0.129527, 1.0)",#05897B,#17becf,3.0,3.0,,,,0.0,100.0,0.0,,,,,
18143,Op. Maq papel,8. Operarios calificados,3. Trabajadores manuales,"(0.984075, 0.736087, 0.129527, 1.0)",#05897B,#17becf,1.0,1.0,,,,0.0,100.0,0.0,,,,,
18150,Op. Prod textiles,8. Operarios calificados,3. Trabajadores manuales,"(0.984075, 0.736087, 0.129527, 1.0)",#05897B,#17becf,0.0,,,,,,,,,,,,
18151,Op. Maq. Fibras y tejidos,8. Operarios calificados,3. Trabajadores manuales,"(0.984075, 0.736087, 0.129527, 1.0)",#05897B,#17becf,1.0,1.0,,,,100.0,0.0,0.0,,,,,
18152,Op. Telares y maq. Coser,8. Operarios calificados,3. Trabajadores manuales,"(0.984075, 0.736087, 0.129527, 1.0)",#05897B,#17becf,2.0,2.0,,,,0.0,100.0,0.0,,,,,
18153,Op. Maq coser,8. Operarios calificados,3. Trabajadores manuales,"(0.984075, 0.736087, 0.129527, 1.0)",#05897B,#17becf,7.0,7.0,,,,85.71,14.29,0.0,,,,,
18154,Op. Limpieza tejidos,8. Operarios calificados,3. Trabajadores manuales,"(0.984075, 0.736087, 0.129527, 1.0)",#05897B,#17becf,0.0,,,,,,,,,,,,
18155,Op. Maq de cuero y pieles,8. Operarios calificados,3. Trabajadores manuales,"(0.984075, 0.736087, 0.129527, 1.0)",#05897B,#17becf,2.0,2.0,,,,50.0,50.0,0.0,,,,,
18156,Op. Maq. Calzado,8. Operarios calificados,3. Trabajadores manuales,"(0.984075, 0.736087, 0.129527, 1.0)",#05897B,#17becf,3.0,3.0,,,,100.0,0.0,0.0,,,,,
18157,Op. Maq. Lavarropas,8. Operarios calificados,3. Trabajadores manuales,"(0.984075, 0.736087, 0.129527, 1.0)",#05897B,#17becf,5.0,5.0,,,,100.0,0.0,20.0,,,,,
18159,Op. Prod. Textiles,8. Operarios calificados,3. Trabajadores manuales,"(0.984075, 0.736087, 0.129527, 1.0)",#05897B,#17becf,0.0,,,,,,,,,,,,
18160,Op. Maq. Alimentos y bebidas,8. Operarios calificados,3. Trabajadores manuales,"(0.984075, 0.736087, 0.129527, 1.0)",#05897B,#17becf,11.0,11.0,,,,45.45,54.55,0.0,,,,,
18170,Op. Inst papel y madera,8. Operarios calificados,3. Trabajadores manuales,"(0.983196, 0.743758, 0.138453, 1.0)",#05897B,#17becf,0.0,,,,,,,,,,,,
18171,Op. Pasta de papel y celulosa,8. Operarios calificados,3. Trabajadores manuales,"(0.983196, 0.743758, 0.138453, 1.0)",#05897B,#17becf,2.0,2.0,,,,0.0,100.0,0.0,,,,,
18172,Op. Proces madera,8. Operarios calificados,3. Trabajadores manuales,"(0.983196, 0.743758, 0.138453, 1.0)",#05897B,#17becf,1.0,1.0,,,,0.0,100.0,0.0,,,,,
18180,Op. Maquinaria n/c,8. Operarios calificados,3. Trabajadores manuales,"(0.983196, 0.743758, 0.138453, 1.0)",#05897B,#17becf,0.0,,,,,,,,,,,,
18181,Op. Vidriería y cerámica,8. Operarios calificados,3. Trabajadores manuales,"(0.983196, 0.743758, 0.138453, 1.0)",#05897B,#17becf,1.0,1.0,,,,0.0,100.0,0.0,,,,,
18182,Op. Maq vapor y calderas,8. Operarios calificados,3. Trabajadores manuales,"(0.983196, 0.743758, 0.138453, 1.0)",#05897B,#17becf,0.0,,,,,,,,,,,,
18183,Op. Maq. Embalaje,8. Operarios calificados,3. Trabajadores manuales,"(0.983196, 0.743758, 0.138453, 1.0)",#05897B,#17becf,7.0,7.0,,,,71.43,28.57,0.0,,,,,
18189,Op maq. n/c,8. Operarios calificados,3. Trabajadores manuales,"(0.983196, 0.743758, 0.138453, 1.0)",#05897B,#17becf,0.0,,,,,,,,,,,,
18200,Ensambladores,8. Operarios calificados,3. Trabajadores manuales,"(0.982228, 0.751442, 0.147565, 1.0)",#05897B,#17becf,0.0,,,,,,,,,,,,
18210,Ensambladores,8. Operarios calificados,3. Trabajadores manuales,"(0.982228, 0.751442, 0.147565, 1.0)",#05897B,#17becf,0.0,,,,,,,,,,,,
18211,Ensambladores de maquinaria mecánica,8. Operarios calificados,3. Trabajadores manuales,"(0.982228, 0.751442, 0.147565, 1.0)",#05897B,#17becf,3.0,3.0,,,,0.0,100.0,0.0,,,,,
18212,Ensambladores de equipos eléctricos y electrónicos,8. Operarios calificados,3. Trabajadores manuales,"(0.982228, 0.751442, 0.147565, 1.0)",#05897B,#17becf,6.0,6.0,,,,50.0,50.0,0.0,,,,,
18219,Ensambladores no clasificados bajo otros epígrafes,8. Operarios calificados,3. Trabajadores manuales,"(0.982228, 0.751442, 0.147565, 1.0)",#05897B,#17becf,1.0,1.0,,,,0.0,100.0,0.0,,,,,
18300,Cond. equip. pesados móviles,8. Operarios calificados,3. Trabajadores manuales,"(0.980032, 0.766837, 0.166353, 1.0)",#05897B,#17becf,0.0,,,,,,,,,,,,
18310,Maq. Locomotoras,8. Operarios calificados,3. Trabajadores manuales,"(0.980032, 0.766837, 0.166353, 1.0)",#05897B,#17becf,0.0,,,,,,,,,,,,
18311,Mar. Locomotoras,8. Operarios calificados,3. Trabajadores manuales,"(0.980032, 0.766837, 0.166353, 1.0)",#05897B,#17becf,5.0,5.0,,,,0.0,100.0,80.0,,,,,
18312,"Guardafrenos, guardagujas y agentes de maniobras",8. Operarios calificados,3. Trabajadores manuales,"(0.980032, 0.766837, 0.166353, 1.0)",#05897B,#17becf,0.0,,,,,,,,,,,,
18320,"Cond. automóviles, camionetas y motocicletas",8. Operarios calificados,3. Trabajadores manuales,"(0.978806, 0.774545, 0.176037, 1.0)",#05897B,#17becf,0.0,,,,,,,,,,,,
18321,Cond. motocicletas,8. Operarios calificados,3. Trabajadores manuales,"(0.978806, 0.774545, 0.176037, 1.0)",#05897B,#17becf,26.0,26.0,,,,7.69,92.31,0.0,,,,,
18322,Cond. autom. y camionetas,8. Operarios calificados,3. Trabajadores manuales,"(0.978806, 0.774545, 0.176037, 1.0)",#05897B,#17becf,103.0,103.0,,,,2.91,97.09,9.71,,,,,
18330,Cond. camiones pesados y autobuses,8. Operarios calificados,3. Trabajadores manuales,"(0.978806, 0.774545, 0.176037, 1.0)",#05897B,#17becf,0.0,,,,,,,,,,,,
18331,Cond. autobuses y tranvías,8. Operarios calificados,3. Trabajadores manuales,"(0.978806, 0.774545, 0.176037, 1.0)",#05897B,#17becf,19.0,19.0,,,,0.0,100.0,5.26,,,,,
18332,Cond. camiones pesados,8. Operarios calificados,3. Trabajadores manuales,"(0.978806, 0.774545, 0.176037, 1.0)",#05897B,#17becf,40.0,40.0,,,,0.0,100.0,5.0,,,,,
18340,Op. Equip. Pesados,8. Operarios calificados,3. Trabajadores manuales,"(0.978806, 0.774545, 0.176037, 1.0)",#05897B,#17becf,0.0,,,,,,,,,,,,
18341,Op. Maq agrícola forestal,8. Operarios calificados,3. Trabajadores manuales,"(0.978806, 0.774545, 0.176037, 1.0)",#05897B,#17becf,5.0,5.0,,,,0.0,100.0,0.0,,,,,
18342,Op. Mov tierra,8. Operarios calificados,3. Trabajadores manuales,"(0.978806, 0.774545, 0.176037, 1.0)",#05897B,#17becf,7.0,7.0,,,,14.29,85.71,42.86,,,,,
18343,Op. Grúas y equipos móviles,8. Operarios calificados,3. Trabajadores manuales,"(0.978806, 0.774545, 0.176037, 1.0)",#05897B,#17becf,7.0,7.0,,,,0.0,100.0,14.29,,,,,
18344,Op. Autoelevadoras,8. Operarios calificados,3. Trabajadores manuales,"(0.978806, 0.774545, 0.176037, 1.0)",#05897B,#17becf,6.0,6.0,,,,0.0,100.0,16.67,,,,,
18350,Mariners,8. Operarios calificados,3. Trabajadores manuales,"(0.978806, 0.774545, 0.176037, 1.0)",#05897B,#17becf,2.0,2.0,,,,0.0,100.0,0.0,,,,,
19000,Oc. Elementales n/c,9. Operarios no calificados,3. Trabajadores manuales,"(0.948683, 0.910473, 0.395289, 1.0)",#5C068C,#17becf,0.0,,,,,,,,,,,,
19100,Limpiadores y asistentes,9. Operarios no calificados,3. Trabajadores manuales,"(0.946809, 0.924168, 0.426373, 1.0)",#5C068C,#17becf,0.0,,,,,,,,,,,,
19110,Limp. Domésticos y oficinas,9. Operarios no calificados,3. Trabajadores manuales,"(0.946392, 0.930761, 0.442367, 1.0)",#5C068C,#17becf,0.0,,,,,,,,,,,,
19111,Limp. Doméstica,9. Operarios no calificados,3. Trabajadores manuales,"(0.946392, 0.930761, 0.442367, 1.0)",#5C068C,#17becf,367.0,367.0,,,,97.0,3.0,1.09,,,,,
19112,Limp. Oficinas y hoteles,9. Operarios no calificados,3. Trabajadores manuales,"(0.946392, 0.930761, 0.442367, 1.0)",#5C068C,#17becf,112.0,112.0,,,,70.54,29.46,31.25,,,,,
19120,Limpiadores gral.,9. Operarios no calificados,3. Trabajadores manuales,"(0.946392, 0.930761, 0.442367, 1.0)",#5C068C,#17becf,0.0,,,,,,,,,,,,
19121,Lavadores y planchadores,9. Operarios no calificados,3. Trabajadores manuales,"(0.946392, 0.930761, 0.442367, 1.0)",#5C068C,#17becf,3.0,3.0,,,,100.0,0.0,33.33,,,,,
19122,Lav. Vehículos,9. Operarios no calificados,3. Trabajadores manuales,"(0.946392, 0.930761, 0.442367, 1.0)",#5C068C,#17becf,2.0,2.0,,,,50.0,50.0,0.0,,,,,
19123,Lav. Ventanas,9. Operarios no calificados,3. Trabajadores manuales,"(0.946392, 0.930761, 0.442367, 1.0)",#5C068C,#17becf,0.0,,,,,,,,,,,,
19129,Limpieza n/c,9. Operarios no calificados,3. Trabajadores manuales,"(0.946392, 0.930761, 0.442367, 1.0)",#5C068C,#17becf,0.0,,,,,,,,,,,,
19200,"Peones agropecuarios, pesqueros y forestales",9. Operarios no calificados,3. Trabajadores manuales,"(0.946903, 0.943348, 0.47497, 1.0)",#5C068C,#17becf,0.0,,,,,,,,,,,,
19210,"Peones agropecuarios, pesqueros y forestales",9. Operarios no calificados,3. Trabajadores manuales,"(0.946903, 0.943348, 0.47497, 1.0)",#5C068C,#17becf,1.0,1.0,,,,100.0,0.0,0.0,,,,,
19211,Peones agrícolas,9. Operarios no calificados,3. Trabajadores manuales,"(0.946903, 0.943348, 0.47497, 1.0)",#5C068C,#17becf,13.0,13.0,,,,46.15,53.85,0.0,,,,,
19212,Peones ganaderos,9. Operarios no calificados,3. Trabajadores manuales,"(0.946903, 0.943348, 0.47497, 1.0)",#5C068C,#17becf,2.0,2.0,,,,50.0,50.0,0.0,,,,,
19213,Peones agrícolas mixtos,9. Operarios no calificados,3. Trabajadores manuales,"(0.946903, 0.943348, 0.47497, 1.0)",#5C068C,#17becf,1.0,1.0,,,,0.0,100.0,0.0,,,,,
19214,Peones de jardinería y horticultura,9. Operarios no calificados,3. Trabajadores manuales,"(0.946903, 0.943348, 0.47497, 1.0)",#5C068C,#17becf,30.0,30.0,,,,16.67,83.33,6.67,,,,,
19215,Peones forestales,9. Operarios no calificados,3. Trabajadores manuales,"(0.946903, 0.943348, 0.47497, 1.0)",#5C068C,#17becf,1.0,1.0,,,,0.0,100.0,0.0,,,,,
19216,Peones pesca,9. Operarios no calificados,3. Trabajadores manuales,"(0.947937, 0.949318, 0.491426, 1.0)",#5C068C,#17becf,0.0,,,,,,,,,,,,
19300,"Peones ind, min y construcción",9. Operarios no calificados,3. Trabajadores manuales,"(0.95174, 0.960587, 0.524203, 1.0)",#5C068C,#17becf,0.0,,,,,,,,,,,,
19310,Peons minería y la construcción,9. Operarios no calificados,3. Trabajadores manuales,"(0.95174, 0.960587, 0.524203, 1.0)",#5C068C,#17becf,0.0,,,,,,,,,,,,
19311,Peones minas y canteras,9. Operarios no calificados,3. Trabajadores manuales,"(0.95174, 0.960587, 0.524203, 1.0)",#5C068C,#17becf,0.0,,,,,,,,,,,,
19312,Peones obras públicas y mantenimiento,9. Operarios no calificados,3. Trabajadores manuales,"(0.95174, 0.960587, 0.524203, 1.0)",#5C068C,#17becf,14.0,14.0,,,,7.14,92.86,42.86,,,,,
19313,Peones construcción,9. Operarios no calificados,3. Trabajadores manuales,"(0.95174, 0.960587, 0.524203, 1.0)",#5C068C,#17becf,36.0,36.0,,,,13.89,86.11,0.0,,,,,
19320,Peones ind. Manufactoruera,9. Operarios no calificados,3. Trabajadores manuales,"(0.95174, 0.960587, 0.524203, 1.0)",#5C068C,#17becf,0.0,,,,,,,,,,,,
19321,Empacadores manuales,9. Operarios no calificados,3. Trabajadores manuales,"(0.95174, 0.960587, 0.524203, 1.0)",#5C068C,#17becf,7.0,7.0,,,,71.43,28.57,0.0,,,,,
19329,Peones ind. Manufactoruera,9. Operarios no calificados,3. Trabajadores manuales,"(0.954529, 0.965896, 0.540361, 1.0)",#5C068C,#17becf,1.0,1.0,,,,0.0,100.0,0.0,,,,,
19330,Peones transporte,9. Operarios no calificados,3. Trabajadores manuales,"(0.954529, 0.965896, 0.540361, 1.0)",#5C068C,#17becf,0.0,,,,,,,,,,,,
19331,Cond. vehículos accionados a pedal o a brazo,9. Operarios no calificados,3. Trabajadores manuales,"(0.954529, 0.965896, 0.540361, 1.0)",#5C068C,#17becf,2.0,2.0,,,,50.0,50.0,0.0,,,,,
19332,Cond. tracc. animal,9. Operarios no calificados,3. Trabajadores manuales,"(0.954529, 0.965896, 0.540361, 1.0)",#5C068C,#17becf,0.0,,,,,,,,,,,,
19333,Peones de carga,9. Operarios no calificados,3. Trabajadores manuales,"(0.954529, 0.965896, 0.540361, 1.0)",#5C068C,#17becf,11.0,11.0,,,,0.0,100.0,18.18,,,,,
19334,Reponedores de estanterías,9. Operarios no calificados,3. Trabajadores manuales,"(0.954529, 0.965896, 0.540361, 1.0)",#5C068C,#17becf,26.0,26.0,,,,23.08,76.92,0.0,,,,,
19400,Ay. prep. alimentos,9. Operarios no calificados,3. Trabajadores manuales,"(0.957896, 0.971003, 0.556275, 1.0)",#5C068C,#17becf,0.0,,,,,,,,,,,,
19410,Ay. prep. alimentos,9. Operarios no calificados,3. Trabajadores manuales,"(0.961812, 0.975924, 0.571925, 1.0)",#5C068C,#17becf,0.0,,,,,,,,,,,,
19411,Cocin. com. rápida,9. Operarios no calificados,3. Trabajadores manuales,"(0.961812, 0.975924, 0.571925, 1.0)",#5C068C,#17becf,12.0,12.0,,,,83.33,16.67,8.33,,,,,
19412,Ay. de cocina,9. Operarios no calificados,3. Trabajadores manuales,"(0.961812, 0.975924, 0.571925, 1.0)",#5C068C,#17becf,46.0,46.0,,,,76.09,23.91,21.74,,,,,
19500,Vend. ambulantes de servicios y afines,9. Operarios no calificados,3. Trabajadores manuales,"(0.971162, 0.985282, 0.602154, 1.0)",#5C068C,#17becf,0.0,,,,,,,,,,,,
19510,Trab. ambulantes de servicios y afines,9. Operarios no calificados,3. Trabajadores manuales,"(0.971162, 0.985282, 0.602154, 1.0)",#5C068C,#17becf,1.0,1.0,,,,0.0,100.0,100.0,,,,,
19520,Vend. ambulantes (excluyendo de comida),9. Operarios no calificados,3. Trabajadores manuales,"(0.976511, 0.989753, 0.61676, 1.0)",#5C068C,#17becf,17.0,17.0,,,,35.29,64.71,0.0,,,,,
19600,Rec. Desechos,9. Operarios no calificados,3. Trabajadores manuales,"(0.988362, 0.998364, 0.644924, 1.0)",#5C068C,#17becf,0.0,,,,,,,,,,,,
19610,Rec. Desechos y clasificadores,9. Operarios no calificados,3. Trabajadores manuales,"(0.988362, 0.998364, 0.644924, 1.0)",#5C068C,#17becf,0.0,,,,,,,,,,,,
19611,Recol. Basura y mat reciclable,9. Operarios no calificados,3. Trabajadores manuales,"(0.988362, 0.998364, 0.644924, 1.0)",#5C068C,#17becf,10.0,10.0,,,,20.0,80.0,40.0,,,,,
19612,Clas. de desechos,9. Operarios no calificados,3. Trabajadores manuales,"(0.988362, 0.998364, 0.644924, 1.0)",#5C068C,#17becf,3.0,3.0,,,,66.67,33.33,33.33,,,,,
19613,Barrenderos y afines,9. Operarios no calificados,3. Trabajadores manuales,"(0.988362, 0.998364, 0.644924, 1.0)",#5C068C,#17becf,15.0,15.0,,,,46.67,53.33,80.0,,,,,
19620,Oc. elementales n/c,9. Operarios no calificados,3. Trabajadores manuales,"(0.988362, 0.998364, 0.644924, 1.0)",#5C068C,#17becf,0.0,,,,,,,,,,,,
19621,"Mensajeros, mandaderos, maleteros y repartidores",9. Operarios no calificados,3. Trabajadores manuales,"(0.988362, 0.998364, 0.644924, 1.0)",#5C068C,#17becf,12.0,12.0,,,,16.67,83.33,16.67,,,,,
19622,Trabajos varios,9. Operarios no calificados,3. Trabajadores manuales,"(0.988362, 0.998364, 0.644924, 1.0)",#5C068C,#17becf,7.0,7.0,,,,0.0,100.0,14.29,,,,,
19623,Rec. Dinero,9. Operarios no calificados,3. Trabajadores manuales,"(0.988362, 0.998364, 0.644924, 1.0)",#5C068C,#17becf,1.0,1.0,,,,0.0,100.0,0.0,,,,,
19624,Acarreadores de agua y recolectores de leña,9. Operarios no calificados,3. Trabajadores manuales,"(0.988362, 0.998364, 0.644924, 1.0)",#5C068C,#17becf,0.0,,,,,,,,,,,,
19629,Oc. Elementales,9. Operarios no calificados,3. Trabajadores manuales,"(0.988362, 0.998364, 0.644924, 1.0)",#5C068C,#17becf,4.0,4.0,,,,0.0,100.0,0.0,,,,,
