v182caes,caeslabel,caesletra,caesag,caeslabel_color,caesletra_color,caesag_color,n_obs,total_workers_weighted,income_mean,income_std,income_median,female_pct,male_pct,public_sector_pct,nivel_ed_mean,nivel_ed_std,age_mean,age_std,age_median,x,y,community
100,Cultivos agrícolas,"A. Agricultura, Ganadería, Caza, Silvicultura y Pesca","A. Agricultura, Ganadería, Caza, Silvicultura y Pesca","(0.4980392156862745, 0.788235294117647, 0.4980392156862745, 1.0)","(0.498, 0.7882, 0.498, 1.0)","(0.498, 0.7882, 0.498, 1.0)",6064.0,6064.0,8.76,0.64,8.99,25.03,74.97,0.0,6.17,2.06,51.49,14.38,56.0,529.426513671875,248.72537231445312,C05
101,Cultivos agrícolas,"A. Agricultura, Ganadería, Caza, Silvicultura y Pesca","A. Agricultura, Ganadería, Caza, Silvicultura y Pesca","(0.4980392156862745, 0.788235294117647, 0.4980392156862745, 1.0)","(0.498, 0.7882, 0.498, 1.0)","(0.498, 0.7882, 0.498, 1.0)",469983.56,469983.56,8.08,0.8,8.01,25.7,74.3,5.82,3.52,1.82,46.75,20.39,45.0,249.23655700683597,-262.6897888183594,C05
102,Cría de animales,"A. Agricultura, Ganadería, Caza, Silvicultura y Pesca","A. Agricultura, Ganadería, Caza, Silvicultura y Pesca","(0.4980392156862745, 0.788235294117647, 0.4980392156862745, 1.0)","(0.498, 0.7882, 0.498, 1.0)","(0.498, 0.7882, 0.498, 1.0)",164595.99,164595.99,8.41,0.79,8.4,23.19,76.81,0.31,3.48,1.71,52.78,19.96,51.0,288.2614440917969,-138.36199951171875,C05
103,Cultivo de productos agrícolas,"A. Agricultura, Ganadería, Caza, Silvicultura y Pesca","A. Agricultura, Ganadería, Caza, Silvicultura y Pesca","(0.4980392156862745, 0.788235294117647, 0.4980392156862745, 1.0)","(0.498, 0.7882, 0.498, 1.0)","(0.498, 0.7882, 0.498, 1.0)",73432.43,73432.43,8.55,0.85,8.7,22.53,77.47,2.0,4.35,2.28,56.88,22.2,51.0,264.4252624511719,-53.23820495605469,C05
104,Servicios agrícolas y pecuarios,"A. Agricultura, Ganadería, Caza, Silvicultura y Pesca","A. Agricultura, Ganadería, Caza, Silvicultura y Pesca","(0.4980392156862745, 0.788235294117647, 0.4980392156862745, 1.0)","(0.498, 0.7882, 0.498, 1.0)","(0.498, 0.7882, 0.498, 1.0)",24208.24,24208.24,8.95,1.05,8.75,15.23,84.77,13.53,5.33,2.37,36.61,11.03,37.0,439.4749145507813,222.4110565185547,C05
105,Caza y servicios de apoyo,"A. Agricultura, Ganadería, Caza, Silvicultura y Pesca","A. Agricultura, Ganadería, Caza, Silvicultura y Pesca","(0.4980392156862745, 0.788235294117647, 0.4980392156862745, 1.0)","(0.498, 0.7882, 0.498, 1.0)","(0.498, 0.7882, 0.498, 1.0)",0.0,,,,,,,,,,,,,,,
200,"Silvicultura, extracción de madera y actividades conexas","A. Agricultura, Ganadería, Caza, Silvicultura y Pesca","A. Agricultura, Ganadería, Caza, Silvicultura y Pesca","(0.4980392156862745, 0.788235294117647, 0.4980392156862745, 1.0)","(0.498, 0.7882, 0.498, 1.0)","(0.498, 0.7882, 0.498, 1.0)",14001.88,14001.88,8.38,0.72,8.32,16.8,83.2,9.68,4.52,2.46,42.63,17.76,42.5,447.3786315917969,423.6995849609375,C10
300,Pesca y acuicultura,"A. Agricultura, Ganadería, Caza, Silvicultura y Pesca","A. Agricultura, Ganadería, Caza, Silvicultura y Pesca","(0.4980392156862745, 0.788235294117647, 0.4980392156862745, 1.0)","(0.498, 0.7882, 0.498, 1.0)","(0.498, 0.7882, 0.498, 1.0)",15814.37,15814.37,8.3,0.8,8.28,27.38,72.62,0.0,4.7,1.75,49.94,19.72,42.0,182.6657257080078,365.1724853515625,C07
500,Extracción de carbón y lignito,B. Explotación de Minas y Canteras,"BCDEF. Minería, Industria, Electricidad, Saneamiento y Construcción","(0.4980392156862745, 0.788235294117647, 0.4980392156862745, 1.0)","(0.498, 0.7882, 0.498, 1.0)","(0.7996, 0.7542, 0.6306, 1.0)",1093.8,1093.8,8.75,0.0,8.75,0.0,100.0,0.0,4.0,0.0,27.0,0.0,27.0,539.0905151367188,658.1740112304688,C07
600,Extracción de petróleo crudo y gas natural,B. Explotación de Minas y Canteras,"BCDEF. Minería, Industria, Electricidad, Saneamiento y Construcción","(0.4980392156862745, 0.788235294117647, 0.4980392156862745, 1.0)","(0.498, 0.7882, 0.498, 1.0)","(0.7996, 0.7542, 0.6306, 1.0)",75630.0,75630.0,9.73,0.82,9.82,7.59,92.41,12.83,5.27,2.25,43.34,15.59,44.0,336.7467346191406,200.98745727539065,C09
700,Extracción de minerales metalíferos,B. Explotación de Minas y Canteras,"BCDEF. Minería, Industria, Electricidad, Saneamiento y Construcción","(0.4980392156862745, 0.788235294117647, 0.4980392156862745, 1.0)","(0.498, 0.7882, 0.498, 1.0)","(0.7996, 0.7542, 0.6306, 1.0)",5549.71,5549.71,8.01,0.0,8.01,37.87,62.13,9.02,9.0,0.0,39.0,0.0,39.0,591.1109008789062,444.0772399902344,C09
800,Explotación de otras minas y canteras,B. Explotación de Minas y Canteras,"BCDEF. Minería, Industria, Electricidad, Saneamiento y Construcción","(0.4980392156862745, 0.788235294117647, 0.4980392156862745, 1.0)","(0.498, 0.7882, 0.498, 1.0)","(0.7996, 0.7542, 0.6306, 1.0)",26734.32,26734.32,8.68,0.67,8.64,9.51,90.49,0.0,3.58,1.34,45.27,16.76,51.0,332.10308837890625,304.5097045898437,C09
900,Actividades de Apoyo a la Explotación de Minas y Canteras,B. Explotación de Minas y Canteras,"BCDEF. Minería, Industria, Electricidad, Saneamiento y Construcción","(0.4980392156862745, 0.788235294117647, 0.4980392156862745, 1.0)","(0.498, 0.7882, 0.498, 1.0)","(0.7996, 0.7542, 0.6306, 1.0)",12379.0,12379.0,9.64,1.03,10.05,4.21,95.79,8.26,4.79,1.62,35.97,6.04,36.0,384.3194885253906,415.78662109375,C10
1000,Industria manufacturera (general),C. Industria Manufacturera,"BCDEF. Minería, Industria, Electricidad, Saneamiento y Construcción","(0.4980392156862745, 0.788235294117647, 0.4980392156862745, 1.0)","(0.8026, 0.7275, 0.6562, 1.0)","(0.7996, 0.7542, 0.6306, 1.0)",120747.06,120747.06,8.97,0.72,8.89,43.89,56.11,0.0,4.24,1.65,52.42,16.91,47.0,193.1658172607422,27.679414749145508,C03
1001,Producción y procesamiento de carne,C. Industria Manufacturera,"BCDEF. Minería, Industria, Electricidad, Saneamiento y Construcción","(0.4980392156862745, 0.788235294117647, 0.4980392156862745, 1.0)","(0.8026, 0.7275, 0.6562, 1.0)","(0.7996, 0.7542, 0.6306, 1.0)",189635.13,189635.13,8.5,0.75,8.57,20.54,79.46,0.09,3.59,1.5,42.88,19.59,40.5,-192.35296630859372,146.13827514648438,C03
1002,"Preparación de frutas, hortalizas y legumbres",C. Industria Manufacturera,"BCDEF. Minería, Industria, Electricidad, Saneamiento y Construcción","(0.4980392156862745, 0.788235294117647, 0.4980392156862745, 1.0)","(0.8026, 0.7275, 0.6562, 1.0)","(0.7996, 0.7542, 0.6306, 1.0)",62535.13,62535.13,8.8,0.86,8.46,39.43,60.57,0.0,4.2,1.59,54.35,20.91,54.0,184.1807098388672,123.23455047607422,C03
1003,Elaboración de productos lácteos,C. Industria Manufacturera,"BCDEF. Minería, Industria, Electricidad, Saneamiento y Construcción","(0.4980392156862745, 0.788235294117647, 0.4980392156862745, 1.0)","(0.8026, 0.7275, 0.6562, 1.0)","(0.7996, 0.7542, 0.6306, 1.0)",18238.23,18238.23,9.45,0.61,9.35,0.4,99.6,0.0,4.37,1.39,41.08,17.71,37.0,392.35107421875,332.0983581542969,C09
1009,Elaboración de productos alimenticios,C. Industria Manufacturera,"BCDEF. Minería, Industria, Electricidad, Saneamiento y Construcción","(0.4980392156862745, 0.788235294117647, 0.4980392156862745, 1.0)","(0.8026, 0.7275, 0.6562, 1.0)","(0.7996, 0.7542, 0.6306, 1.0)",492768.36,492768.36,8.34,0.93,8.41,48.56,51.44,0.58,4.29,1.78,41.78,17.15,39.0,-531.5652465820312,56.05598068237305,C01
1100,Elaboración de bebidas,C. Industria Manufacturera,"BCDEF. Minería, Industria, Electricidad, Saneamiento y Construcción","(0.4980392156862745, 0.788235294117647, 0.4980392156862745, 1.0)","(0.8026, 0.7275, 0.6562, 1.0)","(0.7996, 0.7542, 0.6306, 1.0)",91369.12,91369.12,8.63,0.84,8.59,22.06,77.94,0.0,4.64,1.52,43.63,17.94,47.0,125.31976318359376,75.54242706298828,C03
1200,Elaboración de Productos de Tabaco,C. Industria Manufacturera,"BCDEF. Minería, Industria, Electricidad, Saneamiento y Construcción","(0.4980392156862745, 0.788235294117647, 0.4980392156862745, 1.0)","(0.8026, 0.7275, 0.6562, 1.0)","(0.7996, 0.7542, 0.6306, 1.0)",2810.0,2810.0,7.88,0.65,7.5,0.0,100.0,0.0,4.03,1.75,46.06,6.57,44.0,308.6161804199219,529.6553344726562,C10
1300,Fabricación de productos textiles,C. Industria Manufacturera,"BCDEF. Minería, Industria, Electricidad, Saneamiento y Construcción","(0.7450980392156863, 0.6823529411764706, 0.8313725490196079, 1.0)","(0.8026, 0.7275, 0.6562, 1.0)","(0.7996, 0.7542, 0.6306, 1.0)",191928.66,191928.66,8.55,0.9,8.53,64.5,35.5,2.32,4.13,1.39,46.69,22.98,50.0,62.11137008666992,-65.46533203125,C03
1400,Confección de prendas de vestir,C. Industria Manufacturera,"BCDEF. Minería, Industria, Electricidad, Saneamiento y Construcción","(0.7450980392156863, 0.6823529411764706, 0.8313725490196079, 1.0)","(0.8026, 0.7275, 0.6562, 1.0)","(0.7996, 0.7542, 0.6306, 1.0)",477163.29,477163.29,8.29,0.86,8.36,81.74,18.26,2.57,3.88,1.66,59.82,19.34,60.0,165.68443298339844,-157.4031982421875,C03
1501,Curtido y terminación de cueros,C. Industria Manufacturera,"BCDEF. Minería, Industria, Electricidad, Saneamiento y Construcción","(0.7450980392156863, 0.6823529411764706, 0.8313725490196079, 1.0)","(0.8026, 0.7275, 0.6562, 1.0)","(0.7996, 0.7542, 0.6306, 1.0)",42900.62,42900.62,8.58,0.5,8.52,23.61,76.39,2.75,3.84,1.6,53.1,14.81,52.0,277.45574951171875,-4.554049491882324,C07
1502,Fabricación de calzado y sus partes,C. Industria Manufacturera,"BCDEF. Minería, Industria, Electricidad, Saneamiento y Construcción","(0.7450980392156863, 0.6823529411764706, 0.8313725490196079, 1.0)","(0.8026, 0.7275, 0.6562, 1.0)","(0.7996, 0.7542, 0.6306, 1.0)",104878.98,104878.98,8.48,0.77,8.24,53.08,46.92,3.1,4.04,1.25,41.91,17.28,37.0,203.1602935791016,-95.95523071289062,C03
1600,Producción de madera y materiales de construcción,C. Industria Manufacturera,"BCDEF. Minería, Industria, Electricidad, Saneamiento y Construcción","(0.7450980392156863, 0.6823529411764706, 0.8313725490196079, 1.0)","(0.8026, 0.7275, 0.6562, 1.0)","(0.7996, 0.7542, 0.6306, 1.0)",78979.85,78979.85,8.31,0.97,8.52,12.55,87.45,7.39,3.58,1.74,38.64,15.66,40.0,287.3917236328125,47.91168594360352,C03
1700,Fabricación de papel y productos de papel,C. Industria Manufacturera,"BCDEF. Minería, Industria, Electricidad, Saneamiento y Construcción","(0.7450980392156863, 0.6823529411764706, 0.8313725490196079, 1.0)","(0.8026, 0.7275, 0.6562, 1.0)","(0.7996, 0.7542, 0.6306, 1.0)",46075.68,46075.68,9.12,0.66,8.7,39.77,60.23,0.0,4.53,1.43,46.16,16.5,43.0,323.3091735839844,88.59718322753906,C03
1800,Actividades de impresión,C. Industria Manufacturera,"BCDEF. Minería, Industria, Electricidad, Saneamiento y Construcción","(0.7450980392156863, 0.6823529411764706, 0.8313725490196079, 1.0)","(0.8026, 0.7275, 0.6562, 1.0)","(0.7996, 0.7542, 0.6306, 1.0)",62550.12,62550.12,8.76,0.52,8.91,32.89,67.11,5.47,5.5,1.52,40.33,17.56,37.0,-16.511486053466797,-148.9607391357422,C06
1900,Fabricación de coque y de productos de la refinación del petróleo,C. Industria Manufacturera,"BCDEF. Minería, Industria, Electricidad, Saneamiento y Construcción","(0.7450980392156863, 0.6823529411764706, 0.8313725490196079, 1.0)","(0.8026, 0.7275, 0.6562, 1.0)","(0.7996, 0.7542, 0.6306, 1.0)",2820.0,2820.0,,,,0.0,100.0,0.0,2.0,0.0,55.0,0.0,55.0,-880.4331665039062,451.1043090820313,C01
1902,Fabricación de productos de la refinación del petróleo,C. Industria Manufacturera,"BCDEF. Minería, Industria, Electricidad, Saneamiento y Construcción","(0.7450980392156863, 0.6823529411764706, 0.8313725490196079, 1.0)","(0.8026, 0.7275, 0.6562, 1.0)","(0.7996, 0.7542, 0.6306, 1.0)",29835.78,29835.78,9.17,0.8,9.21,10.16,89.84,35.16,6.54,1.97,47.0,17.03,38.0,337.224853515625,321.113525390625,C09
2000,Fabricación de Sustancias y Productos Químicos,C. Industria Manufacturera,"BCDEF. Minería, Industria, Electricidad, Saneamiento y Construcción","(0.7450980392156863, 0.6823529411764706, 0.8313725490196079, 1.0)","(0.8026, 0.7275, 0.6562, 1.0)","(0.7996, 0.7542, 0.6306, 1.0)",16601.0,16601.0,9.17,0.74,8.99,11.6,88.4,29.37,6.31,2.11,41.33,16.07,53.0,140.37966918945312,373.32421875,C07
2001,Fabricación de pinturas y barnices,C. Industria Manufacturera,"BCDEF. Minería, Industria, Electricidad, Saneamiento y Construcción","(0.7450980392156863, 0.6823529411764706, 0.8313725490196079, 1.0)","(0.8026, 0.7275, 0.6562, 1.0)","(0.7996, 0.7542, 0.6306, 1.0)",16881.82,16881.82,8.92,0.62,8.92,25.48,74.52,0.0,4.27,1.92,49.91,19.29,42.0,55.02810287475586,363.1471252441406,
2002,Fabricación de jabones y detergentes,C. Industria Manufacturera,"BCDEF. Minería, Industria, Electricidad, Saneamiento y Construcción","(0.7450980392156863, 0.6823529411764706, 0.8313725490196079, 1.0)","(0.8026, 0.7275, 0.6562, 1.0)","(0.7996, 0.7542, 0.6306, 1.0)",24337.19,24337.19,8.9,0.46,8.83,33.94,66.06,8.1,3.68,2.64,60.65,18.08,43.0,63.85368347167969,340.4633483886719,
2009,Fabricación de otros productos químicos n.c.p.,C. Industria Manufacturera,"BCDEF. Minería, Industria, Electricidad, Saneamiento y Construcción","(0.7450980392156863, 0.6823529411764706, 0.8313725490196079, 1.0)","(0.8026, 0.7275, 0.6562, 1.0)","(0.7996, 0.7542, 0.6306, 1.0)",29577.0,29577.0,9.06,0.84,9.05,10.07,89.93,10.56,4.8,1.94,43.83,14.46,51.0,407.6915283203125,252.31358337402344,C09
2100,Fabricación de productos farmacéuticos,C. Industria Manufacturera,"BCDEF. Minería, Industria, Electricidad, Saneamiento y Construcción","(0.7450980392156863, 0.6823529411764706, 0.8313725490196079, 1.0)","(0.8026, 0.7275, 0.6562, 1.0)","(0.7996, 0.7542, 0.6306, 1.0)",93009.48,93009.48,8.82,0.73,8.99,22.83,77.17,2.33,5.78,2.25,45.67,17.78,44.0,72.20857238769531,64.68473052978516,C03
2201,Fabricación de productos de caucho,C. Industria Manufacturera,"BCDEF. Minería, Industria, Electricidad, Saneamiento y Construcción","(0.7450980392156863, 0.6823529411764706, 0.8313725490196079, 1.0)","(0.8026, 0.7275, 0.6562, 1.0)","(0.7996, 0.7542, 0.6306, 1.0)",9530.29,9530.29,9.03,0.21,9.0,13.4,86.6,0.0,3.6,1.02,40.51,15.05,33.0,432.3809509277344,371.4272766113281,C10
2202,Fabricación de productos de plástico,C. Industria Manufacturera,"BCDEF. Minería, Industria, Electricidad, Saneamiento y Construcción","(0.7450980392156863, 0.6823529411764706, 0.8313725490196079, 1.0)","(0.8026, 0.7275, 0.6562, 1.0)","(0.7996, 0.7542, 0.6306, 1.0)",123524.73,123524.73,8.82,0.58,8.7,18.83,81.17,1.74,4.77,1.62,43.34,17.13,44.0,149.74661254882812,-56.00291442871094,C03
2301,Fabricación de vidrio,C. Industria Manufacturera,"BCDEF. Minería, Industria, Electricidad, Saneamiento y Construcción","(0.7450980392156863, 0.6823529411764706, 0.8313725490196079, 1.0)","(0.8026, 0.7275, 0.6562, 1.0)","(0.7996, 0.7542, 0.6306, 1.0)",40567.31,40567.31,8.4,0.83,8.85,70.55,29.45,0.0,5.85,2.35,37.61,22.59,32.0,208.95152282714844,-151.75897216796875,C04
2309,Fabricación de productos minerales no metálicos,C. Industria Manufacturera,"BCDEF. Minería, Industria, Electricidad, Saneamiento y Construcción","(0.7450980392156863, 0.6823529411764706, 0.8313725490196079, 1.0)","(0.8026, 0.7275, 0.6562, 1.0)","(0.7996, 0.7542, 0.6306, 1.0)",131918.96,131918.96,8.47,1.06,8.52,12.29,87.71,2.23,4.07,1.74,44.33,18.25,38.0,122.76700592041016,-19.27405166625977,C04
2400,Fabricación de metales,C. Industria Manufacturera,"BCDEF. Minería, Industria, Electricidad, Saneamiento y Construcción","(0.7450980392156863, 0.6823529411764706, 0.8313725490196079, 1.0)","(0.8026, 0.7275, 0.6562, 1.0)","(0.7996, 0.7542, 0.6306, 1.0)",61271.06,61271.06,8.59,0.54,8.7,7.8,92.2,4.58,4.22,1.85,49.13,18.39,53.0,350.87042236328125,191.167724609375,C07
2500,Fabricación de productos elaborados de metal,C. Industria Manufacturera,"BCDEF. Minería, Industria, Electricidad, Saneamiento y Construcción","(0.9921568627450981, 0.7529411764705882, 0.5254901960784314, 1.0)","(0.8026, 0.7275, 0.6562, 1.0)","(0.7996, 0.7542, 0.6306, 1.0)",381543.85,381543.85,8.66,0.68,8.59,16.78,83.22,1.88,4.41,1.84,45.54,18.44,45.5,406.5612487792969,31.581636428833008,C03
2601,Fabricación de componentes electrónicos,C. Industria Manufacturera,"BCDEF. Minería, Industria, Electricidad, Saneamiento y Construcción","(0.9921568627450981, 0.7529411764705882, 0.5254901960784314, 1.0)","(0.8026, 0.7275, 0.6562, 1.0)","(0.7996, 0.7542, 0.6306, 1.0)",12992.73,12992.73,9.17,0.21,9.23,72.93,27.07,1.9,6.75,2.64,46.8,15.05,54.0,442.62786865234375,337.3801574707031,C10
2602,Fabricación de equipos informáticos y periféricos,C. Industria Manufacturera,"BCDEF. Minería, Industria, Electricidad, Saneamiento y Construcción","(0.9921568627450981, 0.7529411764705882, 0.5254901960784314, 1.0)","(0.8026, 0.7275, 0.6562, 1.0)","(0.7996, 0.7542, 0.6306, 1.0)",1098.0,1098.0,,,,100.0,0.0,0.0,7.0,0.0,34.0,0.0,34.0,353.17510986328125,526.882080078125,C10
2603,Fabricación de equipos y aparatos de radio,C. Industria Manufacturera,"BCDEF. Minería, Industria, Electricidad, Saneamiento y Construcción","(0.9921568627450981, 0.7529411764705882, 0.5254901960784314, 1.0)","(0.8026, 0.7275, 0.6562, 1.0)","(0.7996, 0.7542, 0.6306, 1.0)",6876.26,6876.26,10.31,0.0,10.31,37.93,62.07,0.0,6.86,0.96,47.31,5.77,45.0,323.0199279785156,471.02392578125,C10
2604,"Fabricación de equipos electromédicos, ópticos y de precisión ",C. Industria Manufacturera,"BCDEF. Minería, Industria, Electricidad, Saneamiento y Construcción","(0.9921568627450981, 0.7529411764705882, 0.5254901960784314, 1.0)","(0.8026, 0.7275, 0.6562, 1.0)","(0.7996, 0.7542, 0.6306, 1.0)",3201.0,3201.0,8.68,0.0,8.68,0.0,100.0,0.0,4.0,0.0,72.0,0.0,72.0,-472.18951416015625,-2611.21337890625,
2700,Fabricación de Maquinaria y Equipos Eléctricos,C. Industria Manufacturera,"BCDEF. Minería, Industria, Electricidad, Saneamiento y Construcción","(0.9921568627450981, 0.7529411764705882, 0.5254901960784314, 1.0)","(0.8026, 0.7275, 0.6562, 1.0)","(0.7996, 0.7542, 0.6306, 1.0)",2713.0,2713.0,8.98,0.17,9.05,0.0,100.0,0.0,5.92,1.39,30.41,3.39,31.0,261.5032958984375,584.5046997070312,C08
2701,Fabricación de aparatos de uso doméstico,C. Industria Manufacturera,"BCDEF. Minería, Industria, Electricidad, Saneamiento y Construcción","(0.9921568627450981, 0.7529411764705882, 0.5254901960784314, 1.0)","(0.8026, 0.7275, 0.6562, 1.0)","(0.7996, 0.7542, 0.6306, 1.0)",38303.5,38303.5,8.72,0.73,8.85,54.74,45.26,0.0,5.42,1.52,39.99,15.37,32.0,223.69288635253903,249.66824340820312,C07
2709,Fabricación de otras maquinarias y equipos,C. Industria Manufacturera,"BCDEF. Minería, Industria, Electricidad, Saneamiento y Construcción","(0.9921568627450981, 0.7529411764705882, 0.5254901960784314, 1.0)","(0.8026, 0.7275, 0.6562, 1.0)","(0.7996, 0.7542, 0.6306, 1.0)",33422.92,33422.92,8.36,0.48,8.06,61.98,38.02,0.0,4.31,1.53,52.24,19.99,52.0,265.2656555175781,325.6291198730469,C08
2800,Fabricación de maquinarias y equipos,C. Industria Manufacturera,"BCDEF. Minería, Industria, Electricidad, Saneamiento y Construcción","(0.9921568627450981, 0.7529411764705882, 0.5254901960784314, 1.0)","(0.8026, 0.7275, 0.6562, 1.0)","(0.7996, 0.7542, 0.6306, 1.0)",31339.21,31339.21,8.8,0.69,8.65,9.2,90.8,12.66,5.68,1.86,44.44,19.21,54.0,323.3145751953125,262.6987609863281,C07
2900,Fabricación de vehículos automotores,C. Industria Manufacturera,"BCDEF. Minería, Industria, Electricidad, Saneamiento y Construcción","(0.9921568627450981, 0.7529411764705882, 0.5254901960784314, 1.0)","(0.8026, 0.7275, 0.6562, 1.0)","(0.7996, 0.7542, 0.6306, 1.0)",130993.63,130993.63,8.8,0.66,8.52,21.96,78.04,1.76,5.13,1.76,47.04,22.86,56.0,128.67608642578125,-180.05015563964844,C03
3001,Construcción de buques y otras embarcaciones,C. Industria Manufacturera,"BCDEF. Minería, Industria, Electricidad, Saneamiento y Construcción","(0.9921568627450981, 0.7529411764705882, 0.5254901960784314, 1.0)","(0.8026, 0.7275, 0.6562, 1.0)","(0.7996, 0.7542, 0.6306, 1.0)",10394.58,10394.58,8.87,0.43,8.85,3.79,96.21,54.38,5.91,2.06,37.21,13.78,33.5,463.06549072265625,381.9923400878906,C10
3002,Fabricación de locomotoras y de material rodante para ferrocarriles y tranvías,C. Industria Manufacturera,"BCDEF. Minería, Industria, Electricidad, Saneamiento y Construcción","(0.9921568627450981, 0.7529411764705882, 0.5254901960784314, 1.0)","(0.8026, 0.7275, 0.6562, 1.0)","(0.7996, 0.7542, 0.6306, 1.0)",0.0,,,,,,,,,,,,,,,
3003,Fabricación de aeronaves,C. Industria Manufacturera,"BCDEF. Minería, Industria, Electricidad, Saneamiento y Construcción","(0.9921568627450981, 0.7529411764705882, 0.5254901960784314, 1.0)","(0.8026, 0.7275, 0.6562, 1.0)","(0.7996, 0.7542, 0.6306, 1.0)",875.0,875.0,8.7,0.0,8.7,0.0,100.0,100.0,7.0,0.0,85.0,0.0,85.0,284.18524169921875,553.679931640625,C07
3009,Fabricación de otros equipos de transporte n.c.p.,C. Industria Manufacturera,"BCDEF. Minería, Industria, Electricidad, Saneamiento y Construcción","(0.9921568627450981, 0.7529411764705882, 0.5254901960784314, 1.0)","(0.8026, 0.7275, 0.6562, 1.0)","(0.7996, 0.7542, 0.6306, 1.0)",1709.0,1709.0,8.38,0.08,8.37,0.0,100.0,0.0,3.0,0.0,23.02,1.0,23.0,506.7187194824219,448.7970886230469,C10
3100,Fabricación de muebles y colchones,C. Industria Manufacturera,"BCDEF. Minería, Industria, Electricidad, Saneamiento y Construcción","(0.9921568627450981, 0.7529411764705882, 0.5254901960784314, 1.0)","(0.8026, 0.7275, 0.6562, 1.0)","(0.7996, 0.7542, 0.6306, 1.0)",189342.58,189342.58,8.63,0.69,8.52,11.67,88.33,1.48,3.86,1.55,48.01,17.4,46.0,11.594488143920898,-9.144434928894045,C03
3200,Industrias manufactureras n.c.p,C. Industria Manufacturera,"BCDEF. Minería, Industria, Electricidad, Saneamiento y Construcción","(0.9921568627450981, 0.7529411764705882, 0.5254901960784314, 1.0)","(0.8026, 0.7275, 0.6562, 1.0)","(0.7996, 0.7542, 0.6306, 1.0)",111213.98,111213.98,8.61,0.84,8.59,53.36,46.64,2.98,4.68,1.84,43.54,20.4,37.0,219.78546142578125,69.5369644165039,C03
3300,"Mantenimiento, reparación e instalación de maquinaria y equipo",C. Industria Manufacturera,"BCDEF. Minería, Industria, Electricidad, Saneamiento y Construcción","(0.9921568627450981, 0.7529411764705882, 0.5254901960784314, 1.0)","(0.8026, 0.7275, 0.6562, 1.0)","(0.7996, 0.7542, 0.6306, 1.0)",48272.64,48272.64,8.87,0.63,8.99,6.19,93.81,9.5,5.08,2.11,47.55,17.89,42.0,368.9602661132813,265.240234375,C08
3501,"Generación, transmisión y distribución de energía eléctrica","D. Suministro de Electricidad, Gas, Vapor y Aire Acondicionado ","BCDEF. Minería, Industria, Electricidad, Saneamiento y Construcción","(0.9921568627450981, 0.7529411764705882, 0.5254901960784314, 1.0)","(0.9922, 0.7529, 0.5255, 1.0)","(0.7996, 0.7542, 0.6306, 1.0)",140828.74,140828.74,8.95,0.73,8.87,14.3,85.7,40.29,5.12,1.99,52.81,18.4,49.0,67.81405639648438,12.1692476272583,C03
3502,Fabricación de gas,"D. Suministro de Electricidad, Gas, Vapor y Aire Acondicionado ","BCDEF. Minería, Industria, Electricidad, Saneamiento y Construcción","(0.9921568627450981, 0.7529411764705882, 0.5254901960784314, 1.0)","(0.9922, 0.7529, 0.5255, 1.0)","(0.7996, 0.7542, 0.6306, 1.0)",42441.91,42441.91,9.04,0.54,9.18,25.42,74.58,41.23,3.61,1.25,46.02,12.69,43.0,298.8943176269531,237.6438446044922,C09
3600,"Captación, tratamiento y suministro de agua",E. Suministro De Agua,"BCDEF. Minería, Industria, Electricidad, Saneamiento y Construcción","(0.9921568627450981, 0.7529411764705882, 0.5254901960784314, 1.0)","(0.998, 0.9382, 0.5814, 1.0)","(0.7996, 0.7542, 0.6306, 1.0)",53658.18,53658.18,9.01,0.67,8.85,11.72,88.28,46.16,4.8,1.82,49.81,14.41,45.0,180.64756774902344,257.1438903808594,C07
3700,Alcantarillado,E. Suministro De Agua,"BCDEF. Minería, Industria, Electricidad, Saneamiento y Construcción","(1.0, 1.0, 0.6, 1.0)","(0.998, 0.9382, 0.5814, 1.0)","(0.7996, 0.7542, 0.6306, 1.0)",1579.0,1579.0,8.12,0.04,8.12,0.0,100.0,100.0,2.93,1.0,60.8,16.96,62.0,313.097900390625,646.4966430664062,C08
3800,"Recolección, tratamiento y eliminación de desechos",E. Suministro De Agua,"BCDEF. Minería, Industria, Electricidad, Saneamiento y Construcción","(1.0, 1.0, 0.6, 1.0)","(0.998, 0.9382, 0.5814, 1.0)","(0.7996, 0.7542, 0.6306, 1.0)",115410.36,115410.36,8.38,0.98,8.44,20.95,79.05,28.71,3.51,1.9,39.31,14.98,37.5,209.8896942138672,-457.5232543945313,C03
3900,Actividades de saneamiento,E. Suministro De Agua,"BCDEF. Minería, Industria, Electricidad, Saneamiento y Construcción","(1.0, 1.0, 0.6, 1.0)","(0.998, 0.9382, 0.5814, 1.0)","(0.7996, 0.7542, 0.6306, 1.0)",6487.21,6487.21,8.27,0.38,8.67,67.96,32.04,90.3,7.04,1.77,36.41,12.86,47.0,263.8334655761719,211.3101348876953,C07
4000,Construcción,F. Construcción,"BCDEF. Minería, Industria, Electricidad, Saneamiento y Construcción","(1.0, 1.0, 0.6, 1.0)","(1.0, 1.0, 0.6, 1.0)","(0.7996, 0.7542, 0.6306, 1.0)",2996444.55,2996444.55,8.44,0.81,8.35,4.46,95.54,5.09,3.84,1.58,40.52,16.7,37.0,592.0637817382812,-736.5662841796875,C00
4501,Venta de vehículos automotores,G. Comercio al por Mayor y al por Menor,"GI. Comercio, alojamiento y comidas","(1.0, 1.0, 0.6, 1.0)","(1.0, 1.0, 0.6, 1.0)","(0.8768, 0.909, 0.6142, 1.0)",108744.11,108744.11,8.96,0.81,8.73,16.06,83.94,0.0,5.42,1.95,43.97,15.04,40.0,-94.86467742919922,41.56277084350586,C04
4502,Reparación de vehículos,G. Comercio al por Mayor y al por Menor,"GI. Comercio, alojamiento y comidas","(1.0, 1.0, 0.6, 1.0)","(1.0, 1.0, 0.6, 1.0)","(0.8768, 0.909, 0.6142, 1.0)",553182.25,553182.25,8.52,0.82,8.51,6.2,93.8,0.06,4.13,1.56,43.94,18.87,41.0,314.1121520996094,-233.6294708251953,C04
4503,"Venta de partes, piezas y accesorios de vehículos",G. Comercio al por Mayor y al por Menor,"GI. Comercio, alojamiento y comidas","(1.0, 1.0, 0.6, 1.0)","(1.0, 1.0, 0.6, 1.0)","(0.8768, 0.909, 0.6142, 1.0)",75302.13,75302.13,8.89,0.66,8.8,18.97,81.03,0.0,4.86,1.81,44.12,14.68,43.5,-189.2998046875,83.9476547241211,C04
4504,"Venta, mantenimiento y reparación de motocicletas",G. Comercio al por Mayor y al por Menor,"GI. Comercio, alojamiento y comidas","(1.0, 1.0, 0.6, 1.0)","(1.0, 1.0, 0.6, 1.0)","(0.8768, 0.909, 0.6142, 1.0)",60513.89,60513.89,7.73,1.24,7.94,7.88,92.12,0.0,3.56,1.26,33.46,17.81,30.0,52.21248245239258,132.29478454589844,C04
4800,Comercio (general),G. Comercio al por Mayor y al por Menor,"GI. Comercio, alojamiento y comidas","(1.0, 1.0, 0.6, 1.0)","(1.0, 1.0, 0.6, 1.0)","(0.8768, 0.909, 0.6142, 1.0)",564154.71,564154.71,8.6,0.79,8.52,55.95,44.05,0.0,4.98,1.83,43.48,17.1,39.0,-441.6746215820313,42.52057647705078,C01
4801,Comercio de intermediación,G. Comercio al por Mayor y al por Menor,"GI. Comercio, alojamiento y comidas","(1.0, 1.0, 0.6, 1.0)","(1.0, 1.0, 0.6, 1.0)","(0.8768, 0.909, 0.6142, 1.0)",179420.32,179420.32,8.69,0.82,8.74,40.96,59.04,0.0,5.73,1.92,38.49,16.7,33.5,-120.22676849365234,38.08186721801758,C04
4802,Comercio de materias primas agropecuarias,G. Comercio al por Mayor y al por Menor,"GI. Comercio, alojamiento y comidas","(1.0, 1.0, 0.6, 1.0)","(1.0, 1.0, 0.6, 1.0)","(0.8768, 0.909, 0.6142, 1.0)",69356.73,69356.73,8.06,0.77,8.22,49.73,50.27,0.0,4.04,1.23,34.59,14.85,35.0,-174.91453552246094,132.61962890625,C04
4803,Comercio alimentos/bebidas,G. Comercio al por Mayor y al por Menor,"GI. Comercio, alojamiento y comidas","(1.0, 1.0, 0.6, 1.0)","(1.0, 1.0, 0.6, 1.0)","(0.8768, 0.909, 0.6142, 1.0)",689344.72,689344.72,8.13,0.97,8.06,51.46,48.54,1.48,4.34,1.59,39.04,16.69,35.0,-441.697021484375,50.13458251953125,C01
4804,Comercio textiles y avíos,G. Comercio al por Mayor y al por Menor,"GI. Comercio, alojamiento y comidas","(1.0, 1.0, 0.6, 1.0)","(1.0, 1.0, 0.6, 1.0)","(0.8768, 0.909, 0.6142, 1.0)",655236.92,655236.92,8.1,0.92,8.29,82.84,17.16,0.04,5.04,1.85,38.28,17.3,33.0,-447.2325134277344,41.189918518066406,C01
4805,Comercio de materiales de construcción,G. Comercio al por Mayor y al por Menor,"GI. Comercio, alojamiento y comidas","(1.0, 1.0, 0.6, 1.0)","(1.0, 1.0, 0.6, 1.0)","(0.8768, 0.909, 0.6142, 1.0)",205981.76,205981.76,8.77,0.56,8.7,22.54,77.46,0.0,4.76,1.83,44.86,16.7,46.5,-327.298095703125,66.67276000976562,C04
4806,Comercio de combustibles para vehículos,G. Comercio al por Mayor y al por Menor,"GI. Comercio, alojamiento y comidas","(1.0, 1.0, 0.6, 1.0)","(1.0, 1.0, 0.6, 1.0)","(0.8768, 0.909, 0.6142, 1.0)",88603.59,88603.59,8.89,0.51,8.85,36.44,63.56,4.94,4.79,1.44,42.75,17.84,38.0,-260.7255859375,139.20074462890625,C04
4807,Comercio mercaderías n.c.p.,G. Comercio al por Mayor y al por Menor,"GI. Comercio, alojamiento y comidas","(1.0, 1.0, 0.6, 1.0)","(1.0, 1.0, 0.6, 1.0)","(0.8768, 0.909, 0.6142, 1.0)",585942.04,585942.04,8.41,0.96,8.48,49.29,50.71,0.0,5.25,1.99,43.11,17.07,44.0,-400.7251586914063,49.38926315307617,C01
4808,Tiendas no especializadas,G. Comercio al por Mayor y al por Menor,"GI. Comercio, alojamiento y comidas","(1.0, 1.0, 0.6, 1.0)","(1.0, 1.0, 0.6, 1.0)","(0.8768, 0.909, 0.6142, 1.0)",970849.55,970849.55,8.37,0.92,8.42,62.53,37.47,0.19,4.51,1.63,40.14,16.34,39.0,-455.7991333007813,29.55348396301269,C01
4809,Tiendas no especializadas sin predomina,G. Comercio al por Mayor y al por Menor,"GI. Comercio, alojamiento y comidas","(1.0, 1.0, 0.6, 1.0)","(1.0, 1.0, 0.6, 1.0)","(0.8768, 0.909, 0.6142, 1.0)",110086.75,110086.75,8.42,0.93,8.32,56.3,43.7,0.0,5.76,2.13,39.56,14.49,40.0,-236.8398895263672,67.82962799072266,C04
4810,Venta al por menor en puestos móviles y,G. Comercio al por Mayor y al por Menor,"GI. Comercio, alojamiento y comidas","(1.0, 1.0, 0.6, 1.0)","(1.0, 1.0, 0.6, 1.0)","(0.8768, 0.909, 0.6142, 1.0)",165093.91,165093.91,8.07,0.97,8.01,50.35,49.65,0.0,4.04,1.44,40.76,15.88,43.0,-340.10955810546875,131.6106414794922,C04
4811,Venta al por menor por correo o televisión,G. Comercio al por Mayor y al por Menor,"GI. Comercio, alojamiento y comidas","(1.0, 1.0, 0.6, 1.0)","(1.0, 1.0, 0.6, 1.0)","(0.8768, 0.909, 0.6142, 1.0)",93092.05,93092.05,7.78,1.09,7.34,73.86,26.14,0.0,4.96,2.39,39.23,13.73,37.0,-232.21603393554688,102.77764892578124,C04
4900,Transporte (general),H. Transporte y Almacenamiento,H. Transporte y Almacenamiento,"(0.2196078431372549, 0.4235294117647059, 0.6901960784313725, 1.0)","(0.2196, 0.4235, 0.6902, 1.0)","(0.2196, 0.4235, 0.6902, 1.0)",9754.81,9754.81,9.36,0.86,9.05,24.4,75.6,0.0,4.9,1.61,38.44,8.02,39.0,260.49627685546875,431.4339599609375,C07
4901,Transporte ferroviario,H. Transporte y Almacenamiento,H. Transporte y Almacenamiento,"(0.2196078431372549, 0.4235294117647059, 0.6901960784313725, 1.0)","(0.2196, 0.4235, 0.6902, 1.0)","(0.2196, 0.4235, 0.6902, 1.0)",109026.68,109026.68,9.11,0.61,8.74,2.93,97.07,86.27,4.3,2.0,55.58,20.65,66.0,230.7149200439453,139.90048217773438,C08
4902,Transporte por metro,H. Transporte y Almacenamiento,H. Transporte y Almacenamiento,"(0.2196078431372549, 0.4235294117647059, 0.6901960784313725, 1.0)","(0.2196, 0.4235, 0.6902, 1.0)","(0.2196, 0.4235, 0.6902, 1.0)",3034.49,3034.49,8.99,0.0,8.99,0.0,100.0,0.0,5.0,0.0,42.0,0.0,42.0,397.0276489257813,485.3722839355469,C07
4903,Transporte de pasajeros,H. Transporte y Almacenamiento,H. Transporte y Almacenamiento,"(0.2196078431372549, 0.4235294117647059, 0.6901960784313725, 1.0)","(0.2196, 0.4235, 0.6902, 1.0)","(0.2196, 0.4235, 0.6902, 1.0)",665707.53,665707.53,8.8,0.84,8.7,8.49,91.51,4.87,4.42,1.48,45.21,13.73,46.0,-143.58734130859375,-376.6905517578125,C00
4904,Transporte automotor de cargas,H. Transporte y Almacenamiento,H. Transporte y Almacenamiento,"(0.2196078431372549, 0.4235294117647059, 0.6901960784313725, 1.0)","(0.2196, 0.4235, 0.6902, 1.0)","(0.2196, 0.4235, 0.6902, 1.0)",390717.6,390717.6,8.89,0.84,8.85,6.11,93.89,4.85,3.83,1.45,48.33,16.54,48.0,37.72775268554688,-295.4170837402344,C00
4909,Transporte terrestre n.c.p.,H. Transporte y Almacenamiento,H. Transporte y Almacenamiento,"(0.2196078431372549, 0.4235294117647059, 0.6901960784313725, 1.0)","(0.2196, 0.4235, 0.6902, 1.0)","(0.2196, 0.4235, 0.6902, 1.0)",323.0,323.0,9.21,0.0,9.21,0.0,100.0,0.0,6.0,0.0,20.0,0.0,20.0,492.6088562011719,694.5909423828125,C10
5000,Transporte por vía acuática,H. Transporte y Almacenamiento,H. Transporte y Almacenamiento,"(0.2196078431372549, 0.4235294117647059, 0.6901960784313725, 1.0)","(0.2196, 0.4235, 0.6902, 1.0)","(0.2196, 0.4235, 0.6902, 1.0)",16761.87,16761.87,9.03,0.77,9.05,9.68,90.32,29.26,4.38,2.53,56.19,19.31,59.5,234.67437744140625,453.694091796875,C10
5100,Transporte aéreo,H. Transporte y Almacenamiento,H. Transporte y Almacenamiento,"(0.2196078431372549, 0.4235294117647059, 0.6901960784313725, 1.0)","(0.2196, 0.4235, 0.6902, 1.0)","(0.2196, 0.4235, 0.6902, 1.0)",62841.62,62841.62,9.26,0.61,9.39,79.59,20.41,17.78,6.23,1.81,44.22,17.33,49.0,533.8976440429688,-11.163958549499512,C08
5201,Depósito y almacenamiento,H. Transporte y Almacenamiento,H. Transporte y Almacenamiento,"(0.2196078431372549, 0.4235294117647059, 0.6901960784313725, 1.0)","(0.2196, 0.4235, 0.6902, 1.0)","(0.2196, 0.4235, 0.6902, 1.0)",147678.6,147678.6,8.78,0.73,8.7,20.02,79.98,10.12,4.7,1.68,39.43,11.9,36.5,123.0771713256836,31.51995849609375,C03
5202,Servicios auxiliares al transporte,H. Transporte y Almacenamiento,H. Transporte y Almacenamiento,"(0.2196078431372549, 0.4235294117647059, 0.6901960784313725, 1.0)","(0.2196, 0.4235, 0.6902, 1.0)","(0.2196, 0.4235, 0.6902, 1.0)",72520.56,72520.56,8.72,0.8,8.52,28.73,71.27,26.04,5.08,1.82,40.3,15.84,39.0,-163.50686645507812,176.82907104492188,C04
5300,Correo y servicio de mensajería,H. Transporte y Almacenamiento,H. Transporte y Almacenamiento,"(0.2196078431372549, 0.4235294117647059, 0.6901960784313725, 1.0)","(0.2196, 0.4235, 0.6902, 1.0)","(0.2196, 0.4235, 0.6902, 1.0)",228432.27,228432.27,8.61,0.79,8.57,13.15,86.85,13.77,4.77,1.82,40.21,15.92,42.0,-161.08705139160156,-206.26007080078125,C03
5500,"Servicios de alojamiento en hoteles, campamentos y otros hospedajes temporales",I. Alojamiento y Servicios de Comidas,"GI. Comercio, alojamiento y comidas","(0.2196078431372549, 0.4235294117647059, 0.6901960784313725, 1.0)","(0.2196, 0.4235, 0.6902, 1.0)","(0.8768, 0.909, 0.6142, 1.0)",140646.49,140646.49,8.38,0.97,8.52,58.12,41.88,7.65,4.25,1.73,45.52,20.09,46.0,-135.97401428222656,-117.43624877929688,C02
5601,Expendio comidas/bebidas,I. Alojamiento y Servicios de Comidas,"GI. Comercio, alojamiento y comidas","(0.2196078431372549, 0.4235294117647059, 0.6901960784313725, 1.0)","(0.2196, 0.4235, 0.6902, 1.0)","(0.8768, 0.909, 0.6142, 1.0)",1225814.17,1225814.17,8.26,1.02,8.24,57.18,42.82,2.88,4.83,1.93,37.24,16.82,32.0,-499.9369201660156,-43.962158203125,C01
5602,Expendio comidas/bebidas,I. Alojamiento y Servicios de Comidas,"GI. Comercio, alojamiento y comidas","(0.2196078431372549, 0.4235294117647059, 0.6901960784313725, 1.0)","(0.2196, 0.4235, 0.6902, 1.0)","(0.8768, 0.909, 0.6142, 1.0)",28560.13,28560.13,7.86,0.92,8.15,64.58,35.42,0.0,3.43,1.44,35.34,14.19,39.0,-431.4270935058594,288.2031555175781,C04
5800,"Edición de libros, periódicos y otras publicaciones",J. Información y Comunicación,"JKLMNOPQRS. Servicios, adm. pública, educación y salud","(0.2196078431372549, 0.4235294117647059, 0.6901960784313725, 1.0)","(0.5804, 0.2157, 0.5941, 1.0)","(0.6199, 0.3013, 0.3398, 1.0)",54386.59,54386.59,8.77,0.53,8.7,34.68,65.32,16.08,7.29,1.66,46.29,13.92,38.5,-145.55084228515625,-9.058526992797852,C06
5900,Actividades cinematográficas,J. Información y Comunicación,"JKLMNOPQRS. Servicios, adm. pública, educación y salud","(0.2196078431372549, 0.4235294117647059, 0.6901960784313725, 1.0)","(0.5804, 0.2157, 0.5941, 1.0)","(0.6199, 0.3013, 0.3398, 1.0)",56308.17,56308.17,8.92,0.6,8.85,19.51,80.49,15.7,7.25,2.21,46.0,16.71,36.0,-205.7318420410156,18.879112243652344,C06
6000,Actividades de programación y difusión,J. Información y Comunicación,"JKLMNOPQRS. Servicios, adm. pública, educación y salud","(0.2196078431372549, 0.4235294117647059, 0.6901960784313725, 1.0)","(0.5804, 0.2157, 0.5941, 1.0)","(0.6199, 0.3013, 0.3398, 1.0)",23036.74,23036.74,8.4,1.0,8.58,45.35,54.65,20.13,5.68,1.81,42.59,17.53,38.0,-163.0928497314453,29.388038635253903,C06
6100,Telecomunicaciones,J. Información y Comunicación,"JKLMNOPQRS. Servicios, adm. pública, educación y salud","(0.9411764705882353, 0.00784313725490196, 0.4980392156862745, 1.0)","(0.5804, 0.2157, 0.5941, 1.0)","(0.6199, 0.3013, 0.3398, 1.0)",170941.65,170941.65,8.83,0.62,8.89,48.43,51.57,8.54,5.49,2.0,38.44,18.77,36.0,-89.23662567138672,-20.12388610839844,C03
6200,Actividades de programación y consultoría informática,J. Información y Comunicación,"JKLMNOPQRS. Servicios, adm. pública, educación y salud","(0.9411764705882353, 0.00784313725490196, 0.4980392156862745, 1.0)","(0.5804, 0.2157, 0.5941, 1.0)","(0.6199, 0.3013, 0.3398, 1.0)",70016.23,70016.23,9.06,0.71,9.21,24.42,75.58,0.8,8.41,0.93,35.43,6.66,32.0,-52.723663330078125,-25.906911849975582,C06
6300,Actividades de servicios de información,J. Información y Comunicación,"JKLMNOPQRS. Servicios, adm. pública, educación y salud","(0.9411764705882353, 0.00784313725490196, 0.4980392156862745, 1.0)","(0.5804, 0.2157, 0.5941, 1.0)","(0.6199, 0.3013, 0.3398, 1.0)",80587.19,80587.19,9.01,0.4,8.99,39.42,60.58,45.1,6.7,1.65,35.17,12.79,33.0,-188.0525360107422,-119.98330688476562,C06
6400,Intermediación financiera,K. Actividades Financieras y de Seguros,"JKLMNOPQRS. Servicios, adm. pública, educación y salud","(0.9411764705882353, 0.00784313725490196, 0.4980392156862745, 1.0)","(0.9412, 0.0078, 0.498, 1.0)","(0.6199, 0.3013, 0.3398, 1.0)",288276.63,288276.63,9.13,0.61,9.13,37.9,62.1,27.38,5.75,2.29,46.5,19.05,50.0,18.107799530029297,-159.0794677734375,C03
6500,"Seguros, reaseguros y fondos de pensiones",K. Actividades Financieras y de Seguros,"JKLMNOPQRS. Servicios, adm. pública, educación y salud","(0.9411764705882353, 0.00784313725490196, 0.4980392156862745, 1.0)","(0.9412, 0.0078, 0.498, 1.0)","(0.6199, 0.3013, 0.3398, 1.0)",146673.68,146673.68,8.6,1.0,9.02,38.34,61.66,3.26,6.51,1.73,42.66,15.33,48.0,-20.22175407409668,-186.4867248535156,C03
6600,Actividades auxiliares a los servicios,K. Actividades Financieras y de Seguros,"JKLMNOPQRS. Servicios, adm. pública, educación y salud","(0.9411764705882353, 0.00784313725490196, 0.4980392156862745, 1.0)","(0.9412, 0.0078, 0.498, 1.0)","(0.6199, 0.3013, 0.3398, 1.0)",2444.45,2444.45,,,,0.0,100.0,0.0,,,,,,-1137.8341064453125,2384.509765625,
6800,Actividades inmobiliarias,L. Actividades Inmobiliarias,"JKLMNOPQRS. Servicios, adm. pública, educación y salud","(0.9411764705882353, 0.00784313725490196, 0.4980392156862745, 1.0)","(0.9412, 0.0078, 0.498, 1.0)","(0.6199, 0.3013, 0.3398, 1.0)",97660.56,97660.56,8.83,0.92,8.78,43.43,56.57,0.75,6.67,1.52,52.42,15.71,57.5,31.30950927734375,-77.66497802734375,C03
6900,Actividades jurídicas y de contabilidad,"M. Actividades Profesionales, Científicas y Técnicas ","JKLMNOPQRS. Servicios, adm. pública, educación y salud","(0.9411764705882353, 0.00784313725490196, 0.4980392156862745, 1.0)","(0.8451, 0.1824, 0.2941, 1.0)","(0.6199, 0.3013, 0.3398, 1.0)",501709.78,501709.78,9.1,0.86,8.99,47.93,52.07,2.43,7.94,1.7,42.57,16.06,42.0,-7.80966329574585,-386.4088745117188,C00
7000,Actividades de servicios de consultoría,"M. Actividades Profesionales, Científicas y Técnicas ","JKLMNOPQRS. Servicios, adm. pública, educación y salud","(0.9411764705882353, 0.00784313725490196, 0.4980392156862745, 1.0)","(0.8451, 0.1824, 0.2941, 1.0)","(0.6199, 0.3013, 0.3398, 1.0)",40550.75,40550.75,8.88,0.55,9.06,17.6,82.4,1.83,8.15,1.6,47.64,15.46,56.5,92.28789520263672,280.2679443359375,C08
7100,Servicios de arquitectura e ingeniería,"M. Actividades Profesionales, Científicas y Técnicas ","JKLMNOPQRS. Servicios, adm. pública, educación y salud","(0.9411764705882353, 0.00784313725490196, 0.4980392156862745, 1.0)","(0.8451, 0.1824, 0.2941, 1.0)","(0.6199, 0.3013, 0.3398, 1.0)",191890.8,191890.8,9.33,0.77,9.32,20.14,79.86,10.75,8.59,0.92,46.94,17.34,41.5,200.22592163085935,-225.21405029296875,C03
7200,Investigación y desarrollo,"M. Actividades Profesionales, Científicas y Técnicas ","JKLMNOPQRS. Servicios, adm. pública, educación y salud","(0.9411764705882353, 0.00784313725490196, 0.4980392156862745, 1.0)","(0.8451, 0.1824, 0.2941, 1.0)","(0.6199, 0.3013, 0.3398, 1.0)",74699.0,74699.0,9.49,0.57,9.49,61.5,38.5,80.2,8.13,1.76,46.42,15.81,45.0,-253.5100860595703,-9.518274307250977,C04
7301,Actividades publicitarias,"M. Actividades Profesionales, Científicas y Técnicas ","JKLMNOPQRS. Servicios, adm. pública, educación y salud","(0.7490196078431373, 0.3568627450980392, 0.09019607843137253, 1.0)","(0.8451, 0.1824, 0.2941, 1.0)","(0.6199, 0.3013, 0.3398, 1.0)",78183.84,78183.84,8.44,1.45,8.75,52.13,47.87,0.13,7.03,1.85,34.21,11.68,31.5,-172.21762084960938,-33.73152542114258,C06
7302,Investigación de mercados y encuestas de opinión pública,"M. Actividades Profesionales, Científicas y Técnicas ","JKLMNOPQRS. Servicios, adm. pública, educación y salud","(0.7490196078431373, 0.3568627450980392, 0.09019607843137253, 1.0)","(0.8451, 0.1824, 0.2941, 1.0)","(0.6199, 0.3013, 0.3398, 1.0)",12033.4,12033.4,8.73,0.65,8.78,37.97,62.03,21.68,7.66,1.53,37.6,11.64,34.5,271.541259765625,292.9311218261719,C09
7400,"Otras actividades profesionales, científicas y técnicas","M. Actividades Profesionales, Científicas y Técnicas ","JKLMNOPQRS. Servicios, adm. pública, educación y salud","(0.7490196078431373, 0.3568627450980392, 0.09019607843137253, 1.0)","(0.8451, 0.1824, 0.2941, 1.0)","(0.6199, 0.3013, 0.3398, 1.0)",137332.7,137332.7,8.83,0.46,8.74,47.66,52.34,3.01,6.63,2.14,40.81,10.9,39.0,-183.415771484375,-136.32566833496094,C06
7500,Actividades veterinarias,"M. Actividades Profesionales, Científicas y Técnicas ","JKLMNOPQRS. Servicios, adm. pública, educación y salud","(0.7490196078431373, 0.3568627450980392, 0.09019607843137253, 1.0)","(0.8451, 0.1824, 0.2941, 1.0)","(0.6199, 0.3013, 0.3398, 1.0)",35770.57,35770.57,9.35,0.89,9.14,50.18,49.82,10.73,8.39,1.38,47.11,15.21,40.5,3.556727409362793,167.14569091796875,C07
7701,Alquiler de efectos personales y domésticos,N. Actividades Administrativas y Servicios de Apoyo,"JKLMNOPQRS. Servicios, adm. pública, educación y salud","(0.7490196078431373, 0.3568627450980392, 0.09019607843137253, 1.0)","(0.749, 0.3569, 0.0902, 1.0)","(0.6199, 0.3013, 0.3398, 1.0)",5676.96,5676.96,8.77,1.18,9.21,82.9,17.1,0.0,6.75,1.41,29.2,5.76,27.0,62.17079925537109,414.6593627929688,C10
7702,Alquiler de vehículos de transporte,N. Actividades Administrativas y Servicios de Apoyo,"JKLMNOPQRS. Servicios, adm. pública, educación y salud","(0.7490196078431373, 0.3568627450980392, 0.09019607843137253, 1.0)","(0.749, 0.3569, 0.0902, 1.0)","(0.6199, 0.3013, 0.3398, 1.0)",10880.17,10880.17,8.62,1.27,8.23,0.0,100.0,0.0,5.26,2.01,42.44,12.39,41.5,152.95533752441406,455.1618347167969,C10
7800,Actividades relacionadas con el suministro de personal,N. Actividades Administrativas y Servicios de Apoyo,"JKLMNOPQRS. Servicios, adm. pública, educación y salud","(0.7490196078431373, 0.3568627450980392, 0.09019607843137253, 1.0)","(0.749, 0.3569, 0.0902, 1.0)","(0.6199, 0.3013, 0.3398, 1.0)",24104.12,24104.12,9.62,0.49,9.43,49.95,50.05,9.78,6.63,2.04,31.09,8.33,30.0,249.33045959472656,299.03643798828125,C07
7900,Agencias de viajes y operadores turísticos,N. Actividades Administrativas y Servicios de Apoyo,"JKLMNOPQRS. Servicios, adm. pública, educación y salud","(0.7490196078431373, 0.3568627450980392, 0.09019607843137253, 1.0)","(0.749, 0.3569, 0.0902, 1.0)","(0.6199, 0.3013, 0.3398, 1.0)",64051.52,64051.52,8.9,0.33,8.85,69.92,30.08,9.54,6.51,2.1,44.34,12.8,47.0,-209.4484100341797,161.76290893554688,C04
8000,Actividades de investigación y seguridad,N. Actividades Administrativas y Servicios de Apoyo,"JKLMNOPQRS. Servicios, adm. pública, educación y salud","(0.7490196078431373, 0.3568627450980392, 0.09019607843137253, 1.0)","(0.749, 0.3569, 0.0902, 1.0)","(0.6199, 0.3013, 0.3398, 1.0)",137764.79,137764.79,8.67,0.77,8.74,10.4,89.6,11.4,4.47,1.74,38.65,13.06,39.0,-89.772216796875,-257.4238586425781,C02
8101,Servicios de apoyo a edificios,N. Actividades Administrativas y Servicios de Apoyo,"JKLMNOPQRS. Servicios, adm. pública, educación y salud","(0.7490196078431373, 0.3568627450980392, 0.09019607843137253, 1.0)","(0.749, 0.3569, 0.0902, 1.0)","(0.6199, 0.3013, 0.3398, 1.0)",523627.16,523627.16,8.62,0.76,8.68,37.02,62.98,36.16,4.23,1.69,45.04,15.07,46.0,-175.82728576660156,-355.8085327148437,C02
8102,Servicios de paisajismo y jardinería,N. Actividades Administrativas y Servicios de Apoyo,"JKLMNOPQRS. Servicios, adm. pública, educación y salud","(0.7490196078431373, 0.3568627450980392, 0.09019607843137253, 1.0)","(0.749, 0.3569, 0.0902, 1.0)","(0.6199, 0.3013, 0.3398, 1.0)",181629.2,181629.2,7.96,1.06,7.82,11.24,88.76,4.95,3.61,1.72,41.04,17.91,36.0,52.000099182128906,-484.2751159667969,C02
8200,Actividades administrativas de oficinas,N. Actividades Administrativas y Servicios de Apoyo,"JKLMNOPQRS. Servicios, adm. pública, educación y salud","(0.7490196078431373, 0.3568627450980392, 0.09019607843137253, 1.0)","(0.749, 0.3569, 0.0902, 1.0)","(0.6199, 0.3013, 0.3398, 1.0)",219441.91,219441.91,8.58,0.75,8.52,54.57,45.43,2.19,5.44,2.12,39.56,15.05,38.0,-1.438204050064087,-68.3502197265625,C03
8400,Administración Pública y Defensa; Planes de Seguro Social Obligatorio,O. Administración Pública y Defensa,"JKLMNOPQRS. Servicios, adm. pública, educación y salud","(0.7490196078431373, 0.3568627450980392, 0.09019607843137253, 1.0)","(0.749, 0.3569, 0.0902, 1.0)","(0.6199, 0.3013, 0.3398, 1.0)",8588.0,8588.0,9.49,0.97,9.07,37.21,62.79,87.91,7.89,1.42,51.55,13.51,59.5,203.29473876953125,391.7149353027344,C07
8401,Administración pública,O. Administración Pública y Defensa,"JKLMNOPQRS. Servicios, adm. pública, educación y salud","(0.7490196078431373, 0.3568627450980392, 0.09019607843137253, 1.0)","(0.749, 0.3569, 0.0902, 1.0)","(0.6199, 0.3013, 0.3398, 1.0)",1316289.92,1316289.92,8.85,0.85,8.7,48.05,51.95,99.06,6.16,2.25,47.85,16.84,48.0,-50.13556289672852,-411.9284057617188,C00
8402,Seguridad pública,O. Administración Pública y Defensa,"JKLMNOPQRS. Servicios, adm. pública, educación y salud","(0.7490196078431373, 0.3568627450980392, 0.09019607843137253, 1.0)","(0.749, 0.3569, 0.0902, 1.0)","(0.6199, 0.3013, 0.3398, 1.0)",535967.69,535967.69,8.98,0.77,9.02,26.19,73.81,98.31,5.57,1.73,43.11,15.99,40.0,-53.60544204711914,-550.3577880859375,C00
8403,Servicios de la seguridad social obligatoria,O. Administración Pública y Defensa,"JKLMNOPQRS. Servicios, adm. pública, educación y salud","(0.7490196078431373, 0.3568627450980392, 0.09019607843137253, 1.0)","(0.749, 0.3569, 0.0902, 1.0)","(0.6199, 0.3013, 0.3398, 1.0)",13005.92,13005.92,9.7,0.72,9.62,21.85,78.15,100.0,7.67,1.34,34.23,8.09,34.5,199.0421600341797,350.7470703125,C07
8501,Enseñanza,P. Enseñanza,"JKLMNOPQRS. Servicios, adm. pública, educación y salud","(0.4, 0.4, 0.4, 1.0)","(0.4, 0.4, 0.4, 1.0)","(0.6199, 0.3013, 0.3398, 1.0)",2706459.21,2706459.21,8.82,0.74,8.75,76.91,23.09,76.02,6.88,1.72,47.75,15.4,47.0,-289.4241027832031,-539.6414184570312,C00
8509,Otros tipos de enseñanza,P. Enseñanza,"JKLMNOPQRS. Servicios, adm. pública, educación y salud","(0.4, 0.4, 0.4, 1.0)","(0.4, 0.4, 0.4, 1.0)","(0.6199, 0.3013, 0.3398, 1.0)",192899.78,192899.78,8.54,1.09,8.7,73.48,26.52,13.54,6.95,1.72,38.6,14.83,32.0,-195.2035675048828,-230.21592712402344,C02
8600,Atención de la salud,Q. Salud Humana y Servicios Sociales,"JKLMNOPQRS. Servicios, adm. pública, educación y salud","(0.4, 0.4, 0.4, 1.0)","(0.4, 0.4, 0.4, 1.0)","(0.6199, 0.3013, 0.3398, 1.0)",1499393.66,1499393.66,8.8,0.84,8.83,72.66,27.34,45.41,6.8,2.16,48.24,16.33,48.0,-171.4740447998047,-470.6017150878906,C00
8700,Asistencia social,Q. Salud Humana y Servicios Sociales,"JKLMNOPQRS. Servicios, adm. pública, educación y salud","(0.4, 0.4, 0.4, 1.0)","(0.4, 0.4, 0.4, 1.0)","(0.6199, 0.3013, 0.3398, 1.0)",235276.61,235276.61,8.35,0.61,8.29,85.65,14.35,23.18,4.06,2.0,50.31,17.74,46.0,-222.0686187744141,-342.6116027832031,C02
8800,Servicios sociales sin alojamiento,Q. Salud Humana y Servicios Sociales,"JKLMNOPQRS. Servicios, adm. pública, educación y salud","(0.4, 0.4, 0.4, 1.0)","(0.4, 0.4, 0.4, 1.0)","(0.6199, 0.3013, 0.3398, 1.0)",186901.94,186901.94,8.43,0.72,8.24,92.46,7.54,41.67,5.88,1.94,45.46,13.92,44.0,-153.37612915039062,-241.1455078125,C02
9000,Actividades artísticas y de espectáculo,"R. Artes, Entretenimiento y Recreación ","JKLMNOPQRS. Servicios, adm. pública, educación y salud","(0.4, 0.4, 0.4, 1.0)","(0.4, 0.4, 0.4, 1.0)","(0.6199, 0.3013, 0.3398, 1.0)",157015.64,157015.64,8.72,0.71,8.51,28.79,71.21,18.46,5.86,1.73,45.14,19.42,35.0,-274.84722900390625,-195.73239135742188,C02
9100,Actividades de bibliotecas y archivos,"R. Artes, Entretenimiento y Recreación ","JKLMNOPQRS. Servicios, adm. pública, educación y salud","(0.4, 0.4, 0.4, 1.0)","(0.4, 0.4, 0.4, 1.0)","(0.6199, 0.3013, 0.3398, 1.0)",29695.29,29695.29,8.37,1.45,8.71,76.75,23.25,76.43,5.92,1.44,36.47,12.69,38.0,161.89015197753906,315.44927978515625,C07
9200,Actividades de juegos de azar y apuesta,"R. Artes, Entretenimiento y Recreación ","JKLMNOPQRS. Servicios, adm. pública, educación y salud","(0.4, 0.4, 0.4, 1.0)","(0.4, 0.4, 0.4, 1.0)","(0.6199, 0.3013, 0.3398, 1.0)",123852.66,123852.66,8.66,0.84,8.54,52.39,47.61,2.46,4.79,1.32,37.86,15.38,34.5,-313.65069580078125,14.110929489135742,C04
9301,Actividades para la práctica deportiva,"R. Artes, Entretenimiento y Recreación ","JKLMNOPQRS. Servicios, adm. pública, educación y salud","(0.4, 0.4, 0.4, 1.0)","(0.4, 0.4, 0.4, 1.0)","(0.6199, 0.3013, 0.3398, 1.0)",152583.97,152583.97,8.66,0.82,8.52,31.88,68.12,18.14,5.24,2.05,35.69,17.07,36.0,-92.59481048583984,-178.02735900878906,C02
9302,Actividades de entretenimiento n.c.p.,"R. Artes, Entretenimiento y Recreación ","JKLMNOPQRS. Servicios, adm. pública, educación y salud","(0.4, 0.4, 0.4, 1.0)","(0.4, 0.4, 0.4, 1.0)","(0.6199, 0.3013, 0.3398, 1.0)",122317.44,122317.44,8.01,0.81,8.01,52.21,47.79,4.92,5.25,1.94,35.6,14.25,32.0,-148.64149475097656,-75.90171813964844,C02
9401,Actividades de organizaciones empresariales y de empleadores,S. Otras Actividades de Servicios,"JKLMNOPQRS. Servicios, adm. pública, educación y salud","(0.4, 0.4, 0.4, 1.0)","(0.4, 0.4, 0.4, 1.0)","(0.6199, 0.3013, 0.3398, 1.0)",34771.51,34771.51,9.01,0.67,9.09,31.0,69.0,23.19,6.3,2.15,41.83,11.4,45.0,129.1580810546875,177.6944580078125,C07
9402,Actividades de sindicatos,S. Otras Actividades de Servicios,"JKLMNOPQRS. Servicios, adm. pública, educación y salud","(0.4, 0.4, 0.4, 1.0)","(0.4, 0.4, 0.4, 1.0)","(0.6199, 0.3013, 0.3398, 1.0)",25635.49,25635.49,8.92,0.6,8.7,63.94,36.06,17.67,5.23,2.02,52.19,15.79,51.0,147.3285369873047,205.0041046142578,C07
9409,Actividades de asociaciones n.c.p.,S. Otras Actividades de Servicios,"JKLMNOPQRS. Servicios, adm. pública, educación y salud","(0.4, 0.4, 0.4, 1.0)","(0.4, 0.4, 0.4, 1.0)","(0.6199, 0.3013, 0.3398, 1.0)",77175.53,77175.53,8.09,0.58,8.1,65.45,34.55,20.89,5.69,1.84,42.64,17.42,44.0,33.41939926147461,95.33566284179688,C07
9501,Reparación de equipos informáticos,S. Otras Actividades de Servicios,"JKLMNOPQRS. Servicios, adm. pública, educación y salud","(0.4, 0.4, 0.4, 1.0)","(0.4, 0.4, 0.4, 1.0)","(0.6199, 0.3013, 0.3398, 1.0)",45538.33,45538.33,8.86,0.72,8.56,3.48,96.52,20.62,7.17,1.46,37.68,15.46,28.0,23.731149673461918,134.2838897705078,C08
9502,Reparación de equipos de comunicación,S. Otras Actividades de Servicios,"JKLMNOPQRS. Servicios, adm. pública, educación y salud","(0.4, 0.4, 0.4, 1.0)","(0.4, 0.4, 0.4, 1.0)","(0.6199, 0.3013, 0.3398, 1.0)",7083.39,7083.39,9.07,0.85,8.01,20.15,79.85,6.2,6.4,1.96,30.61,17.43,25.5,252.59262084960935,511.9291687011719,C08
9503,Reparación de efectos de uso personal y doméstico,S. Otras Actividades de Servicios,"JKLMNOPQRS. Servicios, adm. pública, educación y salud","(0.4, 0.4, 0.4, 1.0)","(0.4, 0.4, 0.4, 1.0)","(0.6199, 0.3013, 0.3398, 1.0)",277652.7,277652.7,8.32,0.72,8.19,58.3,41.7,2.91,4.36,1.8,50.96,17.59,49.0,157.18128967285156,-120.49504852294922,C03
9601,Lavado y limpieza de artículos de tela,S. Otras Actividades de Servicios,"JKLMNOPQRS. Servicios, adm. pública, educación y salud","(0.4, 0.4, 0.4, 1.0)","(0.4, 0.4, 0.4, 1.0)","(0.6199, 0.3013, 0.3398, 1.0)",47659.85,47659.85,8.04,1.15,8.06,86.72,13.28,3.24,3.93,2.22,49.53,15.56,51.0,-367.7560729980469,-12.514921188354492,C04
9602,Servicios de peluquería y tratamientos,S. Otras Actividades de Servicios,"JKLMNOPQRS. Servicios, adm. pública, educación y salud","(0.4, 0.4, 0.4, 1.0)","(0.4, 0.4, 0.4, 1.0)","(0.6199, 0.3013, 0.3398, 1.0)",351438.01,351438.01,8.3,0.83,8.29,86.18,13.82,0.43,4.6,1.61,46.04,16.0,45.0,-632.0778198242188,-409.195068359375,C01
9603,Pompas fúnebres y servicios conexos,S. Otras Actividades de Servicios,"JKLMNOPQRS. Servicios, adm. pública, educación y salud","(0.4, 0.4, 0.4, 1.0)","(0.4, 0.4, 0.4, 1.0)","(0.6199, 0.3013, 0.3398, 1.0)",36736.13,36736.13,8.81,0.55,8.69,28.74,71.26,15.89,4.42,1.73,47.8,22.46,57.0,-32.557159423828125,130.01560974121094,C02
9609,Servicios personales n.c.p.,S. Otras Actividades de Servicios,"JKLMNOPQRS. Servicios, adm. pública, educación y salud","(0.4, 0.4, 0.4, 1.0)","(0.4, 0.4, 0.4, 1.0)","(0.6199, 0.3013, 0.3398, 1.0)",52964.32,52964.32,8.07,0.89,8.16,58.41,41.59,1.63,4.29,1.46,39.64,17.09,35.0,-279.3899841308594,-86.310791015625,C02
9700,Actividades de hogares,T. Actividades de los Hogares como Empleadores de Personal Doméstico,T. Empleo doméstico,"(0.4, 0.4, 0.4, 1.0)","(0.4, 0.4, 0.4, 1.0)","(0.4, 0.4, 0.4, 1.0)",3402308.73,3402308.73,7.88,0.91,7.92,96.08,3.92,0.51,3.65,1.5,44.53,17.44,43.0,-806.0115356445312,-973.4293212890624,C02
