v182caes,caeslabel,caesletra,caesag,caeslabel_color,caesletra_color,caesag_color,n_obs,total_workers_weighted,income_mean,income_q1,income_median,income_q3,female_pct,male_pct,public_sector_pct,nivel_ed_mean,age_mean,age_median,x,y
100,Cultivos agrícolas,"A. Agricultura, Ganadería, Caza, Silvicultura y Pesca","A. Agricultura, Ganadería, Caza, Silvicultura y Pesca","(0.4980392156862745, 0.788235294117647, 0.4980392156862745, 1.0)","(0.498, 0.7882, 0.498, 1.0)","(0.498, 0.7882, 0.498, 1.0)",6064.0,6064.0,8.76,8.41,8.99,9.25,25.03,74.97,0.0,6.17,51.49,56.0,0.17466636343907796,0.3391908170905278
101,Cultivos agrícolas,"A. Agricultura, Ganadería, Caza, Silvicultura y Pesca","A. Agricultura, Ganadería, Caza, Silvicultura y Pesca","(0.4980392156862745, 0.788235294117647, 0.4980392156862745, 1.0)","(0.498, 0.7882, 0.498, 1.0)","(0.498, 0.7882, 0.498, 1.0)",469983.56,469983.56,8.08,7.6,8.01,8.52,25.7,74.3,5.82,3.52,46.75,45.0,-0.16919514176182227,0.20419466671941375
102,Cría de animales,"A. Agricultura, Ganadería, Caza, Silvicultura y Pesca","A. Agricultura, Ganadería, Caza, Silvicultura y Pesca","(0.4980392156862745, 0.788235294117647, 0.4980392156862745, 1.0)","(0.498, 0.7882, 0.498, 1.0)","(0.498, 0.7882, 0.498, 1.0)",164595.99,164595.99,8.41,8.01,8.4,8.82,23.19,76.81,0.31,3.48,52.78,51.0,-0.09970663881841904,0.15934459007059742
103,Cultivo de productos agrícolas,"A. Agricultura, Ganadería, Caza, Silvicultura y Pesca","A. Agricultura, Ganadería, Caza, Silvicultura y Pesca","(0.4980392156862745, 0.788235294117647, 0.4980392156862745, 1.0)","(0.498, 0.7882, 0.498, 1.0)","(0.498, 0.7882, 0.498, 1.0)",73432.43,73432.43,8.55,8.1,8.7,8.97,22.53,77.47,2.0,4.35,56.88,51.0,-0.009229879351289145,0.11585365923395939
104,Servicios agrícolas y pecuarios,"A. Agricultura, Ganadería, Caza, Silvicultura y Pesca","A. Agricultura, Ganadería, Caza, Silvicultura y Pesca","(0.4980392156862745, 0.788235294117647, 0.4980392156862745, 1.0)","(0.498, 0.7882, 0.498, 1.0)","(0.498, 0.7882, 0.498, 1.0)",24208.24,24208.24,8.95,8.29,8.75,8.96,15.23,84.77,13.53,5.33,36.61,37.0,0.12356017019228435,0.22931733826653963
105,Caza y servicios de apoyo,"A. Agricultura, Ganadería, Caza, Silvicultura y Pesca","A. Agricultura, Ganadería, Caza, Silvicultura y Pesca","(0.4980392156862745, 0.788235294117647, 0.4980392156862745, 1.0)","(0.498, 0.7882, 0.498, 1.0)","(0.498, 0.7882, 0.498, 1.0)",0.0,,,,,,,,,,,,,
200,"Silvicultura, extracción de madera y actividades conexas","A. Agricultura, Ganadería, Caza, Silvicultura y Pesca","A. Agricultura, Ganadería, Caza, Silvicultura y Pesca","(0.4980392156862745, 0.788235294117647, 0.4980392156862745, 1.0)","(0.498, 0.7882, 0.498, 1.0)","(0.498, 0.7882, 0.498, 1.0)",14001.88,14001.88,8.38,7.87,8.32,8.56,16.8,83.2,9.68,4.52,42.63,42.5,0.27114804569808837,0.24536600915125256
300,Pesca y acuicultura,"A. Agricultura, Ganadería, Caza, Silvicultura y Pesca","A. Agricultura, Ganadería, Caza, Silvicultura y Pesca","(0.4980392156862745, 0.788235294117647, 0.4980392156862745, 1.0)","(0.498, 0.7882, 0.498, 1.0)","(0.498, 0.7882, 0.498, 1.0)",15814.37,15814.37,8.3,7.67,8.28,8.8,27.38,72.62,0.0,4.7,49.94,42.0,0.23903201866802773,-0.026709225816452502
500,Extracción de carbón y lignito,B. Explotación de Minas y Canteras,"BCDEF. Minería, Industria, Electricidad, Saneamiento y Construcción","(0.4980392156862745, 0.788235294117647, 0.4980392156862745, 1.0)","(0.498, 0.7882, 0.498, 1.0)","(0.7996, 0.7542, 0.6306, 1.0)",1093.8,1093.8,8.75,8.75,8.75,8.75,0.0,100.0,0.0,4.0,27.0,27.0,0.8030036667137506,0.17737107241034056
600,Extracción de petróleo crudo y gas natural,B. Explotación de Minas y Canteras,"BCDEF. Minería, Industria, Electricidad, Saneamiento y Construcción","(0.4980392156862745, 0.788235294117647, 0.4980392156862745, 1.0)","(0.498, 0.7882, 0.498, 1.0)","(0.7996, 0.7542, 0.6306, 1.0)",75630.0,75630.0,9.73,9.1,9.82,10.47,7.59,92.41,12.83,5.27,43.34,44.0,0.12668469883418998,0.08475451133093385
700,Extracción de minerales metalíferos,B. Explotación de Minas y Canteras,"BCDEF. Minería, Industria, Electricidad, Saneamiento y Construcción","(0.4980392156862745, 0.788235294117647, 0.4980392156862745, 1.0)","(0.498, 0.7882, 0.498, 1.0)","(0.7996, 0.7542, 0.6306, 1.0)",5549.71,5549.71,8.01,8.01,8.01,8.01,37.87,62.13,9.02,9.0,39.0,39.0,0.32302682131400445,0.40697268729088854
800,Explotación de otras minas y canteras,B. Explotación de Minas y Canteras,"BCDEF. Minería, Industria, Electricidad, Saneamiento y Construcción","(0.4980392156862745, 0.788235294117647, 0.4980392156862745, 1.0)","(0.498, 0.7882, 0.498, 1.0)","(0.7996, 0.7542, 0.6306, 1.0)",26734.32,26734.32,8.68,8.08,8.64,9.23,9.51,90.49,0.0,3.58,45.27,51.0,0.17720785921606597,0.1507334471699792
900,Actividades de Apoyo a la Explotación de Minas y Canteras,B. Explotación de Minas y Canteras,"BCDEF. Minería, Industria, Electricidad, Saneamiento y Construcción","(0.4980392156862745, 0.788235294117647, 0.4980392156862745, 1.0)","(0.498, 0.7882, 0.498, 1.0)","(0.7996, 0.7542, 0.6306, 1.0)",12379.0,12379.0,9.64,9.9,10.05,10.15,4.21,95.79,8.26,4.79,35.97,36.0,0.2611565879660877,0.19733790416737151
1000,Industria manufacturera (general),C. Industria Manufacturera,"BCDEF. Minería, Industria, Electricidad, Saneamiento y Construcción","(0.4980392156862745, 0.788235294117647, 0.4980392156862745, 1.0)","(0.8026, 0.7275, 0.6562, 1.0)","(0.7996, 0.7542, 0.6306, 1.0)",120747.06,120747.06,8.97,8.33,8.89,9.42,43.89,56.11,0.0,4.24,52.42,47.0,0.0160163820704615,0.019113175165371664
1001,Producción y procesamiento de carne,C. Industria Manufacturera,"BCDEF. Minería, Industria, Electricidad, Saneamiento y Construcción","(0.4980392156862745, 0.788235294117647, 0.4980392156862745, 1.0)","(0.8026, 0.7275, 0.6562, 1.0)","(0.7996, 0.7542, 0.6306, 1.0)",189635.13,189635.13,8.5,8.29,8.57,9.12,20.54,79.46,0.09,3.59,42.88,40.5,-0.16870059625508527,0.08904330837883882
1002,"Preparación de frutas, hortalizas y legumbres",C. Industria Manufacturera,"BCDEF. Minería, Industria, Electricidad, Saneamiento y Construcción","(0.4980392156862745, 0.788235294117647, 0.4980392156862745, 1.0)","(0.8026, 0.7275, 0.6562, 1.0)","(0.7996, 0.7542, 0.6306, 1.0)",62535.13,62535.13,8.8,8.02,8.46,9.11,39.43,60.57,0.0,4.2,54.35,54.0,0.021358777293575628,0.06601635440422385
1003,Elaboración de productos lácteos,C. Industria Manufacturera,"BCDEF. Minería, Industria, Electricidad, Saneamiento y Construcción","(0.4980392156862745, 0.788235294117647, 0.4980392156862745, 1.0)","(0.8026, 0.7275, 0.6562, 1.0)","(0.7996, 0.7542, 0.6306, 1.0)",18238.23,18238.23,9.45,9.21,9.35,9.53,0.4,99.6,0.0,4.37,41.08,37.0,0.26406110934068755,0.09961546195186984
1009,Elaboración de productos alimenticios,C. Industria Manufacturera,"BCDEF. Minería, Industria, Electricidad, Saneamiento y Construcción","(0.4980392156862745, 0.788235294117647, 0.4980392156862745, 1.0)","(0.8026, 0.7275, 0.6562, 1.0)","(0.7996, 0.7542, 0.6306, 1.0)",492768.36,492768.36,8.34,7.82,8.41,8.99,48.56,51.44,0.58,4.29,41.78,39.0,-0.44260345491628467,0.08528378651575787
1100,Elaboración de bebidas,C. Industria Manufacturera,"BCDEF. Minería, Industria, Electricidad, Saneamiento y Construcción","(0.4980392156862745, 0.788235294117647, 0.4980392156862745, 1.0)","(0.8026, 0.7275, 0.6562, 1.0)","(0.7996, 0.7542, 0.6306, 1.0)",91369.12,91369.12,8.63,8.07,8.59,9.21,22.06,77.94,0.0,4.64,43.63,47.0,0.027781763144507404,-0.017927269016464006
1200,Elaboración de Productos de Tabaco,C. Industria Manufacturera,"BCDEF. Minería, Industria, Electricidad, Saneamiento y Construcción","(0.4980392156862745, 0.788235294117647, 0.4980392156862745, 1.0)","(0.8026, 0.7275, 0.6562, 1.0)","(0.7996, 0.7542, 0.6306, 1.0)",2810.0,2810.0,7.88,7.5,7.5,8.24,0.0,100.0,0.0,4.03,46.06,44.0,0.30215198278539707,0.14198359904912702
1300,Fabricación de productos textiles,C. Industria Manufacturera,"BCDEF. Minería, Industria, Electricidad, Saneamiento y Construcción","(0.7450980392156863, 0.6823529411764706, 0.8313725490196079, 1.0)","(0.8026, 0.7275, 0.6562, 1.0)","(0.7996, 0.7542, 0.6306, 1.0)",191928.66,191928.66,8.55,8.09,8.53,9.03,64.5,35.5,2.32,4.13,46.69,50.0,-0.03787021009900083,-0.10700419710891611
1400,Confección de prendas de vestir,C. Industria Manufacturera,"BCDEF. Minería, Industria, Electricidad, Saneamiento y Construcción","(0.7450980392156863, 0.6823529411764706, 0.8313725490196079, 1.0)","(0.8026, 0.7275, 0.6562, 1.0)","(0.7996, 0.7542, 0.6306, 1.0)",477163.29,477163.29,8.29,7.9,8.36,8.73,81.74,18.26,2.57,3.88,59.82,60.0,-0.04153231465703422,-0.3256396064871029
1501,Curtido y terminación de cueros,C. Industria Manufacturera,"BCDEF. Minería, Industria, Electricidad, Saneamiento y Construcción","(0.7450980392156863, 0.6823529411764706, 0.8313725490196079, 1.0)","(0.8026, 0.7275, 0.6562, 1.0)","(0.7996, 0.7542, 0.6306, 1.0)",42900.62,42900.62,8.58,8.28,8.52,8.87,23.61,76.39,2.75,3.84,53.1,52.0,0.14777310772838126,-0.19929453084827656
1502,Fabricación de calzado y sus partes,C. Industria Manufacturera,"BCDEF. Minería, Industria, Electricidad, Saneamiento y Construcción","(0.7450980392156863, 0.6823529411764706, 0.8313725490196079, 1.0)","(0.8026, 0.7275, 0.6562, 1.0)","(0.7996, 0.7542, 0.6306, 1.0)",104878.98,104878.98,8.48,7.81,8.24,8.83,53.08,46.92,3.1,4.04,41.91,37.0,0.0032567085854381585,-0.23541318135679892
1600,Producción de madera y materiales de construcción,C. Industria Manufacturera,"BCDEF. Minería, Industria, Electricidad, Saneamiento y Construcción","(0.7450980392156863, 0.6823529411764706, 0.8313725490196079, 1.0)","(0.8026, 0.7275, 0.6562, 1.0)","(0.7996, 0.7542, 0.6306, 1.0)",78979.85,78979.85,8.31,7.94,8.52,9.04,12.55,87.45,7.39,3.58,38.64,40.0,0.05946429302808388,-0.06333162781066233
1700,Fabricación de papel y productos de papel,C. Industria Manufacturera,"BCDEF. Minería, Industria, Electricidad, Saneamiento y Construcción","(0.7450980392156863, 0.6823529411764706, 0.8313725490196079, 1.0)","(0.8026, 0.7275, 0.6562, 1.0)","(0.7996, 0.7542, 0.6306, 1.0)",46075.68,46075.68,9.12,8.46,8.7,9.21,39.77,60.23,0.0,4.53,46.16,43.0,0.14874368017481887,-0.0375745913362263
1800,Actividades de impresión,C. Industria Manufacturera,"BCDEF. Minería, Industria, Electricidad, Saneamiento y Construcción","(0.7450980392156863, 0.6823529411764706, 0.8313725490196079, 1.0)","(0.8026, 0.7275, 0.6562, 1.0)","(0.7996, 0.7542, 0.6306, 1.0)",62550.12,62550.12,8.76,8.52,8.91,9.15,32.89,67.11,5.47,5.5,40.33,37.0,0.09719164987834819,-0.2409688795240454
1900,Fabricación de coque y de productos de la refinación del petróleo,C. Industria Manufacturera,"BCDEF. Minería, Industria, Electricidad, Saneamiento y Construcción","(0.7450980392156863, 0.6823529411764706, 0.8313725490196079, 1.0)","(0.8026, 0.7275, 0.6562, 1.0)","(0.7996, 0.7542, 0.6306, 1.0)",2820.0,2820.0,,,,,0.0,100.0,0.0,2.0,55.0,55.0,-1.0,0.24810278812810405
1902,Fabricación de productos de la refinación del petróleo,C. Industria Manufacturera,"BCDEF. Minería, Industria, Electricidad, Saneamiento y Construcción","(0.7450980392156863, 0.6823529411764706, 0.8313725490196079, 1.0)","(0.8026, 0.7275, 0.6562, 1.0)","(0.7996, 0.7542, 0.6306, 1.0)",29835.78,29835.78,9.17,8.72,9.21,9.63,10.16,89.84,35.16,6.54,47.0,38.0,0.1785478712557752,0.12313856955418126
2000,Fabricación de Sustancias y Productos Químicos,C. Industria Manufacturera,"BCDEF. Minería, Industria, Electricidad, Saneamiento y Construcción","(0.7450980392156863, 0.6823529411764706, 0.8313725490196079, 1.0)","(0.8026, 0.7275, 0.6562, 1.0)","(0.7996, 0.7542, 0.6306, 1.0)",16601.0,16601.0,9.17,8.52,8.99,9.53,11.6,88.4,29.37,6.31,41.33,53.0,0.2060425605744087,0.033785576604105805
2001,Fabricación de pinturas y barnices,C. Industria Manufacturera,"BCDEF. Minería, Industria, Electricidad, Saneamiento y Construcción","(0.7450980392156863, 0.6823529411764706, 0.8313725490196079, 1.0)","(0.8026, 0.7275, 0.6562, 1.0)","(0.7996, 0.7542, 0.6306, 1.0)",16881.82,16881.82,8.92,8.29,8.92,9.43,25.48,74.52,0.0,4.27,49.91,42.0,0.08624077400944889,0.11749392605782752
2002,Fabricación de jabones y detergentes,C. Industria Manufacturera,"BCDEF. Minería, Industria, Electricidad, Saneamiento y Construcción","(0.7450980392156863, 0.6823529411764706, 0.8313725490196079, 1.0)","(0.8026, 0.7275, 0.6562, 1.0)","(0.7996, 0.7542, 0.6306, 1.0)",24337.19,24337.19,8.9,8.44,8.83,9.09,33.94,66.06,8.1,3.68,60.65,43.0,0.07812770245284027,0.08799268067241979
2009,Fabricación de otros productos químicos n.c.p.,C. Industria Manufacturera,"BCDEF. Minería, Industria, Electricidad, Saneamiento y Construcción","(0.7450980392156863, 0.6823529411764706, 0.8313725490196079, 1.0)","(0.8026, 0.7275, 0.6562, 1.0)","(0.7996, 0.7542, 0.6306, 1.0)",29577.0,29577.0,9.06,8.73,9.05,9.45,10.07,89.93,10.56,4.8,43.83,51.0,0.2135765362111888,0.07844582512047354
2100,Fabricación de productos farmacéuticos,C. Industria Manufacturera,"BCDEF. Minería, Industria, Electricidad, Saneamiento y Construcción","(0.7450980392156863, 0.6823529411764706, 0.8313725490196079, 1.0)","(0.8026, 0.7275, 0.6562, 1.0)","(0.7996, 0.7542, 0.6306, 1.0)",93009.48,93009.48,8.82,8.52,8.99,9.43,22.83,77.17,2.33,5.78,45.67,44.0,-0.0013567416655434353,-0.061497856417854636
2201,Fabricación de productos de caucho,C. Industria Manufacturera,"BCDEF. Minería, Industria, Electricidad, Saneamiento y Construcción","(0.7450980392156863, 0.6823529411764706, 0.8313725490196079, 1.0)","(0.8026, 0.7275, 0.6562, 1.0)","(0.7996, 0.7542, 0.6306, 1.0)",9530.29,9530.29,9.03,8.85,9.0,9.11,13.4,86.6,0.0,3.6,40.51,33.0,0.19587250836704417,0.25744144252208717
2202,Fabricación de productos de plástico,C. Industria Manufacturera,"BCDEF. Minería, Industria, Electricidad, Saneamiento y Construcción","(0.7450980392156863, 0.6823529411764706, 0.8313725490196079, 1.0)","(0.8026, 0.7275, 0.6562, 1.0)","(0.7996, 0.7542, 0.6306, 1.0)",123524.73,123524.73,8.82,8.38,8.7,9.21,18.83,81.17,1.74,4.77,43.34,44.0,0.020852037126739973,-0.12474816921347602
2301,Fabricación de vidrio,C. Industria Manufacturera,"BCDEF. Minería, Industria, Electricidad, Saneamiento y Construcción","(0.7450980392156863, 0.6823529411764706, 0.8313725490196079, 1.0)","(0.8026, 0.7275, 0.6562, 1.0)","(0.7996, 0.7542, 0.6306, 1.0)",40567.31,40567.31,8.4,8.08,8.85,9.21,70.55,29.45,0.0,5.85,37.61,32.0,-0.10229005961353595,-0.18536076082516667
2309,Fabricación de productos minerales no metálicos,C. Industria Manufacturera,"BCDEF. Minería, Industria, Electricidad, Saneamiento y Construcción","(0.7450980392156863, 0.6823529411764706, 0.8313725490196079, 1.0)","(0.8026, 0.7275, 0.6562, 1.0)","(0.7996, 0.7542, 0.6306, 1.0)",131918.96,131918.96,8.47,7.88,8.52,8.97,12.29,87.71,2.23,4.07,44.33,38.0,-0.014104237804984002,0.0010875344093124518
2400,Fabricación de metales,C. Industria Manufacturera,"BCDEF. Minería, Industria, Electricidad, Saneamiento y Construcción","(0.7450980392156863, 0.6823529411764706, 0.8313725490196079, 1.0)","(0.8026, 0.7275, 0.6562, 1.0)","(0.7996, 0.7542, 0.6306, 1.0)",61271.06,61271.06,8.59,8.03,8.7,9.05,7.8,92.2,4.58,4.22,49.13,53.0,0.1399343279962806,0.058511824740906125
2500,Fabricación de productos elaborados de metal,C. Industria Manufacturera,"BCDEF. Minería, Industria, Electricidad, Saneamiento y Construcción","(0.9921568627450981, 0.7529411764705882, 0.5254901960784314, 1.0)","(0.8026, 0.7275, 0.6562, 1.0)","(0.7996, 0.7542, 0.6306, 1.0)",381543.85,381543.85,8.66,8.21,8.59,9.11,16.78,83.22,1.88,4.41,45.54,45.5,0.05553750465142867,0.05252461237663194
2601,Fabricación de componentes electrónicos,C. Industria Manufacturera,"BCDEF. Minería, Industria, Electricidad, Saneamiento y Construcción","(0.9921568627450981, 0.7529411764705882, 0.5254901960784314, 1.0)","(0.8026, 0.7275, 0.6562, 1.0)","(0.7996, 0.7542, 0.6306, 1.0)",12992.73,12992.73,9.17,9.07,9.23,9.26,72.93,27.07,1.9,6.75,46.8,54.0,0.23620277219855076,0.14567788997019815
2602,Fabricación de equipos informáticos y periféricos,C. Industria Manufacturera,"BCDEF. Minería, Industria, Electricidad, Saneamiento y Construcción","(0.9921568627450981, 0.7529411764705882, 0.5254901960784314, 1.0)","(0.8026, 0.7275, 0.6562, 1.0)","(0.7996, 0.7542, 0.6306, 1.0)",1098.0,1098.0,,,,,100.0,0.0,0.0,7.0,34.0,34.0,0.4798649813670341,0.20475634981700827
2603,Fabricación de equipos y aparatos de radio,C. Industria Manufacturera,"BCDEF. Minería, Industria, Electricidad, Saneamiento y Construcción","(0.9921568627450981, 0.7529411764705882, 0.5254901960784314, 1.0)","(0.8026, 0.7275, 0.6562, 1.0)","(0.7996, 0.7542, 0.6306, 1.0)",6876.26,6876.26,10.31,10.31,10.31,10.31,37.93,62.07,0.0,6.86,47.31,45.0,0.3321550289475552,0.1277671210825013
2604,"Fabricación de equipos electromédicos, ópticos y de precisión ",C. Industria Manufacturera,"BCDEF. Minería, Industria, Electricidad, Saneamiento y Construcción","(0.9921568627450981, 0.7529411764705882, 0.5254901960784314, 1.0)","(0.8026, 0.7275, 0.6562, 1.0)","(0.7996, 0.7542, 0.6306, 1.0)",3201.0,3201.0,8.68,8.68,8.68,8.68,0.0,100.0,0.0,4.0,72.0,72.0,,
2700,Fabricación de Maquinaria y Equipos Eléctricos,C. Industria Manufacturera,"BCDEF. Minería, Industria, Electricidad, Saneamiento y Construcción","(0.9921568627450981, 0.7529411764705882, 0.5254901960784314, 1.0)","(0.8026, 0.7275, 0.6562, 1.0)","(0.7996, 0.7542, 0.6306, 1.0)",2713.0,2713.0,8.98,8.87,9.05,9.08,0.0,100.0,0.0,5.92,30.41,31.0,0.5373565993283952,0.12688823368192462
2701,Fabricación de aparatos de uso doméstico,C. Industria Manufacturera,"BCDEF. Minería, Industria, Electricidad, Saneamiento y Construcción","(0.9921568627450981, 0.7529411764705882, 0.5254901960784314, 1.0)","(0.8026, 0.7275, 0.6562, 1.0)","(0.7996, 0.7542, 0.6306, 1.0)",38303.5,38303.5,8.72,8.35,8.85,9.94,54.74,45.26,0.0,5.42,39.99,32.0,0.15639489447872493,0.005525777575704513
2709,Fabricación de otras maquinarias y equipos,C. Industria Manufacturera,"BCDEF. Minería, Industria, Electricidad, Saneamiento y Construcción","(0.9921568627450981, 0.7529411764705882, 0.5254901960784314, 1.0)","(0.8026, 0.7275, 0.6562, 1.0)","(0.7996, 0.7542, 0.6306, 1.0)",33422.92,33422.92,8.36,8.02,8.06,8.41,61.98,38.02,0.0,4.31,52.24,52.0,0.2117060812542101,0.10688762658578436
2800,Fabricación de maquinarias y equipos,C. Industria Manufacturera,"BCDEF. Minería, Industria, Electricidad, Saneamiento y Construcción","(0.9921568627450981, 0.7529411764705882, 0.5254901960784314, 1.0)","(0.8026, 0.7275, 0.6562, 1.0)","(0.7996, 0.7542, 0.6306, 1.0)",31339.21,31339.21,8.8,8.41,8.65,9.14,9.2,90.8,12.66,5.68,44.44,54.0,0.17210847514535935,0.0756520117212204
2900,Fabricación de vehículos automotores,C. Industria Manufacturera,"BCDEF. Minería, Industria, Electricidad, Saneamiento y Construcción","(0.9921568627450981, 0.7529411764705882, 0.5254901960784314, 1.0)","(0.8026, 0.7275, 0.6562, 1.0)","(0.7996, 0.7542, 0.6306, 1.0)",130993.63,130993.63,8.8,8.07,8.52,9.21,21.96,78.04,1.76,5.13,47.04,56.0,-0.08402047489502919,0.05419985606149927
3001,Construcción de buques y otras embarcaciones,C. Industria Manufacturera,"BCDEF. Minería, Industria, Electricidad, Saneamiento y Construcción","(0.9921568627450981, 0.7529411764705882, 0.5254901960784314, 1.0)","(0.8026, 0.7275, 0.6562, 1.0)","(0.7996, 0.7542, 0.6306, 1.0)",10394.58,10394.58,8.87,8.85,8.85,8.95,3.79,96.21,54.38,5.91,37.21,33.5,0.24028866381876438,0.20775798811812757
3002,Fabricación de locomotoras y de material rodante para ferrocarriles y tranvías,C. Industria Manufacturera,"BCDEF. Minería, Industria, Electricidad, Saneamiento y Construcción","(0.9921568627450981, 0.7529411764705882, 0.5254901960784314, 1.0)","(0.8026, 0.7275, 0.6562, 1.0)","(0.7996, 0.7542, 0.6306, 1.0)",0.0,,,,,,,,,,,,,
3003,Fabricación de aeronaves,C. Industria Manufacturera,"BCDEF. Minería, Industria, Electricidad, Saneamiento y Construcción","(0.9921568627450981, 0.7529411764705882, 0.5254901960784314, 1.0)","(0.8026, 0.7275, 0.6562, 1.0)","(0.7996, 0.7542, 0.6306, 1.0)",875.0,875.0,8.7,8.7,8.7,8.7,0.0,100.0,100.0,7.0,85.0,85.0,0.5562200573555812,-0.007031387698202918
3009,Fabricación de otros equipos de transporte n.c.p.,C. Industria Manufacturera,"BCDEF. Minería, Industria, Electricidad, Saneamiento y Construcción","(0.9921568627450981, 0.7529411764705882, 0.5254901960784314, 1.0)","(0.8026, 0.7275, 0.6562, 1.0)","(0.7996, 0.7542, 0.6306, 1.0)",1709.0,1709.0,8.38,8.33,8.37,8.42,0.0,100.0,0.0,3.0,23.02,23.0,0.34726624197713263,0.3056267967153734
3100,Fabricación de muebles y colchones,C. Industria Manufacturera,"BCDEF. Minería, Industria, Electricidad, Saneamiento y Construcción","(0.9921568627450981, 0.7529411764705882, 0.5254901960784314, 1.0)","(0.8026, 0.7275, 0.6562, 1.0)","(0.7996, 0.7542, 0.6306, 1.0)",189342.58,189342.58,8.63,7.95,8.52,8.92,11.67,88.33,1.48,3.86,48.01,46.0,-0.1012271087891612,-0.13623931167351971
3200,Industrias manufactureras n.c.p,C. Industria Manufacturera,"BCDEF. Minería, Industria, Electricidad, Saneamiento y Construcción","(0.9921568627450981, 0.7529411764705882, 0.5254901960784314, 1.0)","(0.8026, 0.7275, 0.6562, 1.0)","(0.7996, 0.7542, 0.6306, 1.0)",111213.98,111213.98,8.61,8.01,8.59,9.07,53.36,46.64,2.98,4.68,43.54,37.0,0.06971297179166341,-0.04457766543187033
3300,"Mantenimiento, reparación e instalación de maquinaria y equipo",C. Industria Manufacturera,"BCDEF. Minería, Industria, Electricidad, Saneamiento y Construcción","(0.9921568627450981, 0.7529411764705882, 0.5254901960784314, 1.0)","(0.8026, 0.7275, 0.6562, 1.0)","(0.7996, 0.7542, 0.6306, 1.0)",48272.64,48272.64,8.87,8.43,8.99,9.47,6.19,93.81,9.5,5.08,47.55,42.0,0.15587524428388316,0.1220406284312779
3501,"Generación, transmisión y distribución de energía eléctrica","D. Suministro de Electricidad, Gas, Vapor y Aire Acondicionado ","BCDEF. Minería, Industria, Electricidad, Saneamiento y Construcción","(0.9921568627450981, 0.7529411764705882, 0.5254901960784314, 1.0)","(0.9922, 0.7529, 0.5255, 1.0)","(0.7996, 0.7542, 0.6306, 1.0)",140828.74,140828.74,8.95,8.52,8.87,9.62,14.3,85.7,40.29,5.12,52.81,49.0,-0.014401037514252011,-0.0371832025748806
3502,Fabricación de gas,"D. Suministro de Electricidad, Gas, Vapor y Aire Acondicionado ","BCDEF. Minería, Industria, Electricidad, Saneamiento y Construcción","(0.9921568627450981, 0.7529411764705882, 0.5254901960784314, 1.0)","(0.9922, 0.7529, 0.5255, 1.0)","(0.7996, 0.7542, 0.6306, 1.0)",42441.91,42441.91,9.04,8.75,9.18,9.39,25.42,74.58,41.23,3.61,46.02,43.0,0.18806464550699117,0.017127849561868806
3600,"Captación, tratamiento y suministro de agua",E. Suministro De Agua,"BCDEF. Minería, Industria, Electricidad, Saneamiento y Construcción","(0.9921568627450981, 0.7529411764705882, 0.5254901960784314, 1.0)","(0.998, 0.9382, 0.5814, 1.0)","(0.7996, 0.7542, 0.6306, 1.0)",53658.18,53658.18,9.01,8.39,8.85,9.39,11.72,88.28,46.16,4.8,49.81,45.0,0.1798294182837264,-0.0653813727317408
3700,Alcantarillado,E. Suministro De Agua,"BCDEF. Minería, Industria, Electricidad, Saneamiento y Construcción","(1.0, 1.0, 0.6, 1.0)","(0.998, 0.9382, 0.5814, 1.0)","(0.7996, 0.7542, 0.6306, 1.0)",1579.0,1579.0,8.12,8.09,8.12,8.14,0.0,100.0,100.0,2.93,60.8,62.0,0.5733169446204489,0.19027169949930392
3800,"Recolección, tratamiento y eliminación de desechos",E. Suministro De Agua,"BCDEF. Minería, Industria, Electricidad, Saneamiento y Construcción","(1.0, 1.0, 0.6, 1.0)","(0.998, 0.9382, 0.5814, 1.0)","(0.7996, 0.7542, 0.6306, 1.0)",115410.36,115410.36,8.38,7.57,8.44,8.88,20.95,79.05,28.71,3.51,39.31,37.5,-0.07940958002291884,-0.29330516637194964
3900,Actividades de saneamiento,E. Suministro De Agua,"BCDEF. Minería, Industria, Electricidad, Saneamiento y Construcción","(1.0, 1.0, 0.6, 1.0)","(0.998, 0.9382, 0.5814, 1.0)","(0.7996, 0.7542, 0.6306, 1.0)",6487.21,6487.21,8.27,8.24,8.67,9.08,67.96,32.04,90.3,7.04,36.41,47.0,0.29063505242594434,-0.15725562719670874
4000,Construcción,F. Construcción,"BCDEF. Minería, Industria, Electricidad, Saneamiento y Construcción","(1.0, 1.0, 0.6, 1.0)","(1.0, 1.0, 0.6, 1.0)","(0.7996, 0.7542, 0.6306, 1.0)",2996444.55,2996444.55,8.44,7.9,8.35,8.85,4.46,95.54,5.09,3.84,40.52,37.0,-0.5050940434615181,-0.062307499189239474
4501,Venta de vehículos automotores,G. Comercio al por Mayor y al por Menor,"GI. Comercio, alojamiento y comidas","(1.0, 1.0, 0.6, 1.0)","(1.0, 1.0, 0.6, 1.0)","(0.8768, 0.909, 0.6142, 1.0)",108744.11,108744.11,8.96,8.01,8.73,9.22,16.06,83.94,0.0,5.42,43.97,40.0,-0.09633114698207174,-0.01046157351235012
4502,Reparación de vehículos,G. Comercio al por Mayor y al por Menor,"GI. Comercio, alojamiento y comidas","(1.0, 1.0, 0.6, 1.0)","(1.0, 1.0, 0.6, 1.0)","(0.8768, 0.909, 0.6142, 1.0)",553182.25,553182.25,8.52,7.82,8.51,8.92,6.2,93.8,0.06,4.13,43.94,41.0,-0.15764567747072739,0.16806437734394497
4503,"Venta de partes, piezas y accesorios de vehículos",G. Comercio al por Mayor y al por Menor,"GI. Comercio, alojamiento y comidas","(1.0, 1.0, 0.6, 1.0)","(1.0, 1.0, 0.6, 1.0)","(0.8768, 0.909, 0.6142, 1.0)",75302.13,75302.13,8.89,8.33,8.8,9.3,18.97,81.03,0.0,4.86,44.12,43.5,-0.12891965694802132,0.040467762012276
4504,"Venta, mantenimiento y reparación de motocicletas",G. Comercio al por Mayor y al por Menor,"GI. Comercio, alojamiento y comidas","(1.0, 1.0, 0.6, 1.0)","(1.0, 1.0, 0.6, 1.0)","(0.8768, 0.909, 0.6142, 1.0)",60513.89,60513.89,7.73,7.6,7.94,8.7,7.88,92.12,0.0,3.56,33.46,30.0,-0.035014739198455505,0.11759307255558077
4800,Comercio (general),G. Comercio al por Mayor y al por Menor,"GI. Comercio, alojamiento y comidas","(1.0, 1.0, 0.6, 1.0)","(1.0, 1.0, 0.6, 1.0)","(0.8768, 0.909, 0.6142, 1.0)",564154.71,564154.71,8.6,7.82,8.52,8.99,55.95,44.05,0.0,4.98,43.48,39.0,-0.3206600473449007,0.04950369270653731
4801,Comercio de intermediación,G. Comercio al por Mayor y al por Menor,"GI. Comercio, alojamiento y comidas","(1.0, 1.0, 0.6, 1.0)","(1.0, 1.0, 0.6, 1.0)","(0.8768, 0.909, 0.6142, 1.0)",179420.32,179420.32,8.69,8.01,8.74,9.21,40.96,59.04,0.0,5.73,38.49,33.5,-0.11885535257221373,-0.004928329563662346
4802,Comercio de materias primas agropecuarias,G. Comercio al por Mayor y al por Menor,"GI. Comercio, alojamiento y comidas","(1.0, 1.0, 0.6, 1.0)","(1.0, 1.0, 0.6, 1.0)","(0.8768, 0.909, 0.6142, 1.0)",69356.73,69356.73,8.06,7.53,8.22,8.63,49.73,50.27,0.0,4.04,34.59,35.0,-0.11459635364968412,0.05248734125305492
4803,Comercio alimentos/bebidas,G. Comercio al por Mayor y al por Menor,"GI. Comercio, alojamiento y comidas","(1.0, 1.0, 0.6, 1.0)","(1.0, 1.0, 0.6, 1.0)","(0.8768, 0.909, 0.6142, 1.0)",689344.72,689344.72,8.13,7.6,8.06,8.7,51.46,48.54,1.48,4.34,39.04,35.0,-0.34022975728115235,0.04497425852337389
4804,Comercio textiles y avíos,G. Comercio al por Mayor y al por Menor,"GI. Comercio, alojamiento y comidas","(1.0, 1.0, 0.6, 1.0)","(1.0, 1.0, 0.6, 1.0)","(0.8768, 0.909, 0.6142, 1.0)",655236.92,655236.92,8.1,7.6,8.29,8.84,82.84,17.16,0.04,5.04,38.28,33.0,-0.35961910389620416,0.03471801410777838
4805,Comercio de materiales de construcción,G. Comercio al por Mayor y al por Menor,"GI. Comercio, alojamiento y comidas","(1.0, 1.0, 0.6, 1.0)","(1.0, 1.0, 0.6, 1.0)","(0.8768, 0.909, 0.6142, 1.0)",205981.76,205981.76,8.77,8.09,8.7,8.99,22.54,77.46,0.0,4.76,44.86,46.5,-0.23890177692162431,0.02592626539384745
4806,Comercio de combustibles para vehículos,G. Comercio al por Mayor y al por Menor,"GI. Comercio, alojamiento y comidas","(1.0, 1.0, 0.6, 1.0)","(1.0, 1.0, 0.6, 1.0)","(0.8768, 0.909, 0.6142, 1.0)",88603.59,88603.59,8.89,8.35,8.85,9.05,36.44,63.56,4.94,4.79,42.75,38.0,-0.19825337200715898,0.07521223151217214
4807,Comercio mercaderías n.c.p.,G. Comercio al por Mayor y al por Menor,"GI. Comercio, alojamiento y comidas","(1.0, 1.0, 0.6, 1.0)","(1.0, 1.0, 0.6, 1.0)","(0.8768, 0.909, 0.6142, 1.0)",585942.04,585942.04,8.41,8.01,8.48,8.99,49.29,50.71,0.0,5.25,43.11,44.0,-0.30054590951224625,0.0321859340329764
4808,Tiendas no especializadas,G. Comercio al por Mayor y al por Menor,"GI. Comercio, alojamiento y comidas","(1.0, 1.0, 0.6, 1.0)","(1.0, 1.0, 0.6, 1.0)","(0.8768, 0.909, 0.6142, 1.0)",970849.55,970849.55,8.37,7.86,8.42,8.92,62.53,37.47,0.19,4.51,40.14,39.0,-0.3696014127725456,0.05446220642148021
4809,Tiendas no especializadas sin predomina,G. Comercio al por Mayor y al por Menor,"GI. Comercio, alojamiento y comidas","(1.0, 1.0, 0.6, 1.0)","(1.0, 1.0, 0.6, 1.0)","(0.8768, 0.909, 0.6142, 1.0)",110086.75,110086.75,8.42,7.66,8.32,8.99,56.3,43.7,0.0,5.76,39.56,40.0,-0.18618332443355787,0.015776381879782336
4810,Venta al por menor en puestos móviles y,G. Comercio al por Mayor y al por Menor,"GI. Comercio, alojamiento y comidas","(1.0, 1.0, 0.6, 1.0)","(1.0, 1.0, 0.6, 1.0)","(0.8768, 0.909, 0.6142, 1.0)",165093.91,165093.91,8.07,7.5,8.01,8.49,50.35,49.65,0.0,4.04,40.76,43.0,-0.2412304575125685,0.07388953381622729
4811,Venta al por menor por correo o televisión,G. Comercio al por Mayor y al por Menor,"GI. Comercio, alojamiento y comidas","(1.0, 1.0, 0.6, 1.0)","(1.0, 1.0, 0.6, 1.0)","(0.8768, 0.909, 0.6142, 1.0)",93092.05,93092.05,7.78,6.62,7.34,8.25,73.86,26.14,0.0,4.96,39.23,37.0,-0.1500703853205503,0.03943608429777686
4900,Transporte (general),H. Transporte y Almacenamiento,H. Transporte y Almacenamiento,"(0.2196078431372549, 0.4235294117647059, 0.6901960784313725, 1.0)","(0.2196, 0.4235, 0.6902, 1.0)","(0.2196, 0.4235, 0.6902, 1.0)",9754.81,9754.81,9.36,8.69,9.05,9.41,24.4,75.6,0.0,4.9,38.44,39.0,0.3295173162407169,0.0305956776844306
4901,Transporte ferroviario,H. Transporte y Almacenamiento,H. Transporte y Almacenamiento,"(0.2196078431372549, 0.4235294117647059, 0.6901960784313725, 1.0)","(0.2196, 0.4235, 0.6902, 1.0)","(0.2196, 0.4235, 0.6902, 1.0)",109026.68,109026.68,9.11,8.3,8.74,9.21,2.93,97.07,86.27,4.3,55.58,66.0,0.03974078228575128,0.11080138954514962
4902,Transporte por metro,H. Transporte y Almacenamiento,H. Transporte y Almacenamiento,"(0.2196078431372549, 0.4235294117647059, 0.6901960784313725, 1.0)","(0.2196, 0.4235, 0.6902, 1.0)","(0.2196, 0.4235, 0.6902, 1.0)",3034.49,3034.49,8.99,8.99,8.99,8.99,0.0,100.0,0.0,5.0,42.0,42.0,0.46062666737971036,0.11259969584293239
4903,Transporte de pasajeros,H. Transporte y Almacenamiento,H. Transporte y Almacenamiento,"(0.2196078431372549, 0.4235294117647059, 0.6901960784313725, 1.0)","(0.2196, 0.4235, 0.6902, 1.0)","(0.2196, 0.4235, 0.6902, 1.0)",665707.53,665707.53,8.8,8.22,8.7,9.13,8.49,91.51,4.87,4.42,45.21,46.0,-0.3467399366139897,-0.06620938050317175
4904,Transporte automotor de cargas,H. Transporte y Almacenamiento,H. Transporte y Almacenamiento,"(0.2196078431372549, 0.4235294117647059, 0.6901960784313725, 1.0)","(0.2196, 0.4235, 0.6902, 1.0)","(0.2196, 0.4235, 0.6902, 1.0)",390717.6,390717.6,8.89,8.29,8.85,9.35,6.11,93.89,4.85,3.83,48.33,48.0,-0.16701306208470246,-0.04189759399360693
4909,Transporte terrestre n.c.p.,H. Transporte y Almacenamiento,H. Transporte y Almacenamiento,"(0.2196078431372549, 0.4235294117647059, 0.6901960784313725, 1.0)","(0.2196, 0.4235, 0.6902, 1.0)","(0.2196, 0.4235, 0.6902, 1.0)",323.0,323.0,9.21,9.21,9.21,9.21,0.0,100.0,0.0,6.0,20.0,20.0,0.45249743206125703,0.4845542121524086
5000,Transporte por vía acuática,H. Transporte y Almacenamiento,H. Transporte y Almacenamiento,"(0.2196078431372549, 0.4235294117647059, 0.6901960784313725, 1.0)","(0.2196, 0.4235, 0.6902, 1.0)","(0.2196, 0.4235, 0.6902, 1.0)",16761.87,16761.87,9.03,8.56,9.05,9.53,9.68,90.32,29.26,4.38,56.19,59.5,0.21259711130740389,0.12724859479620382
5100,Transporte aéreo,H. Transporte y Almacenamiento,H. Transporte y Almacenamiento,"(0.2196078431372549, 0.4235294117647059, 0.6901960784313725, 1.0)","(0.2196, 0.4235, 0.6902, 1.0)","(0.2196, 0.4235, 0.6902, 1.0)",62841.62,62841.62,9.26,8.85,9.39,9.55,79.59,20.41,17.78,6.23,44.22,49.0,-0.02340239109411275,0.297358328626712
5201,Depósito y almacenamiento,H. Transporte y Almacenamiento,H. Transporte y Almacenamiento,"(0.2196078431372549, 0.4235294117647059, 0.6901960784313725, 1.0)","(0.2196, 0.4235, 0.6902, 1.0)","(0.2196, 0.4235, 0.6902, 1.0)",147678.6,147678.6,8.78,8.07,8.7,9.13,20.02,79.98,10.12,4.7,39.43,36.5,-0.028506065686528546,0.06270456868463536
5202,Servicios auxiliares al transporte,H. Transporte y Almacenamiento,H. Transporte y Almacenamiento,"(0.2196078431372549, 0.4235294117647059, 0.6901960784313725, 1.0)","(0.2196, 0.4235, 0.6902, 1.0)","(0.2196, 0.4235, 0.6902, 1.0)",72520.56,72520.56,8.72,8.01,8.52,9.21,28.73,71.27,26.04,5.08,40.3,39.0,-0.06882743572065445,0.02188888111260632
5300,Correo y servicio de mensajería,H. Transporte y Almacenamiento,H. Transporte y Almacenamiento,"(0.2196078431372549, 0.4235294117647059, 0.6901960784313725, 1.0)","(0.2196, 0.4235, 0.6902, 1.0)","(0.2196, 0.4235, 0.6902, 1.0)",228432.27,228432.27,8.61,7.93,8.57,8.98,13.15,86.85,13.77,4.77,40.21,42.0,-0.21854485889397343,-0.121463755892795
5500,"Servicios de alojamiento en hoteles, campamentos y otros hospedajes temporales",I. Alojamiento y Servicios de Comidas,"GI. Comercio, alojamiento y comidas","(0.2196078431372549, 0.4235294117647059, 0.6901960784313725, 1.0)","(0.2196, 0.4235, 0.6902, 1.0)","(0.8768, 0.909, 0.6142, 1.0)",140646.49,140646.49,8.38,7.97,8.52,8.8,58.12,41.88,7.65,4.25,45.52,46.0,-0.15766027537382532,-0.0747470069271775
5601,Expendio comidas/bebidas,I. Alojamiento y Servicios de Comidas,"GI. Comercio, alojamiento y comidas","(0.2196078431372549, 0.4235294117647059, 0.6901960784313725, 1.0)","(0.2196, 0.4235, 0.6902, 1.0)","(0.8768, 0.909, 0.6142, 1.0)",1225814.17,1225814.17,8.26,7.65,8.24,8.85,57.18,42.82,2.88,4.83,37.24,32.0,-0.42145628550021835,0.0022294366766206115
5602,Expendio comidas/bebidas,I. Alojamiento y Servicios de Comidas,"GI. Comercio, alojamiento y comidas","(0.2196078431372549, 0.4235294117647059, 0.6901960784313725, 1.0)","(0.2196, 0.4235, 0.6902, 1.0)","(0.8768, 0.909, 0.6142, 1.0)",28560.13,28560.13,7.86,7.48,8.15,8.48,64.58,35.42,0.0,3.43,35.34,39.0,-0.3120874293516227,0.23857301544729678
5800,"Edición de libros, periódicos y otras publicaciones",J. Información y Comunicación,"JKLMNOPQRS. Servicios, adm. pública, educación y salud","(0.2196078431372549, 0.4235294117647059, 0.6901960784313725, 1.0)","(0.5804, 0.2157, 0.5941, 1.0)","(0.6199, 0.3013, 0.3398, 1.0)",54386.59,54386.59,8.77,8.43,8.7,9.06,34.68,65.32,16.08,7.29,46.29,38.5,0.057661755261289846,-0.18445181920387999
5900,Actividades cinematográficas,J. Información y Comunicación,"JKLMNOPQRS. Servicios, adm. pública, educación y salud","(0.2196078431372549, 0.4235294117647059, 0.6901960784313725, 1.0)","(0.5804, 0.2157, 0.5941, 1.0)","(0.6199, 0.3013, 0.3398, 1.0)",56308.17,56308.17,8.92,8.37,8.85,9.21,19.51,80.49,15.7,7.25,46.0,36.0,-0.009293652067044494,-0.13911521084059564
6000,Actividades de programación y difusión,J. Información y Comunicación,"JKLMNOPQRS. Servicios, adm. pública, educación y salud","(0.2196078431372549, 0.4235294117647059, 0.6901960784313725, 1.0)","(0.5804, 0.2157, 0.5941, 1.0)","(0.6199, 0.3013, 0.3398, 1.0)",23036.74,23036.74,8.4,8.15,8.58,9.17,45.35,54.65,20.13,5.68,42.59,38.0,0.13056842554551717,-0.16162635229237624
6100,Telecomunicaciones,J. Información y Comunicación,"JKLMNOPQRS. Servicios, adm. pública, educación y salud","(0.9411764705882353, 0.00784313725490196, 0.4980392156862745, 1.0)","(0.5804, 0.2157, 0.5941, 1.0)","(0.6199, 0.3013, 0.3398, 1.0)",170941.65,170941.65,8.83,8.42,8.89,9.21,48.43,51.57,8.54,5.49,38.44,36.0,-0.06834246117781785,-0.046847969727823124
6200,Actividades de programación y consultoría informática,J. Información y Comunicación,"JKLMNOPQRS. Servicios, adm. pública, educación y salud","(0.9411764705882353, 0.00784313725490196, 0.4980392156862745, 1.0)","(0.5804, 0.2157, 0.5941, 1.0)","(0.6199, 0.3013, 0.3398, 1.0)",70016.23,70016.23,9.06,8.75,9.21,9.39,24.42,75.58,0.8,8.41,35.43,32.0,0.13603390296104348,-0.23618710122885375
6300,Actividades de servicios de información,J. Información y Comunicación,"JKLMNOPQRS. Servicios, adm. pública, educación y salud","(0.9411764705882353, 0.00784313725490196, 0.4980392156862745, 1.0)","(0.5804, 0.2157, 0.5941, 1.0)","(0.6199, 0.3013, 0.3398, 1.0)",80587.19,80587.19,9.01,8.71,8.99,9.24,39.42,60.58,45.1,6.7,35.17,33.0,0.09936838326958056,-0.3521395914201695
6400,Intermediación financiera,K. Actividades Financieras y de Seguros,"JKLMNOPQRS. Servicios, adm. pública, educación y salud","(0.9411764705882353, 0.00784313725490196, 0.4980392156862745, 1.0)","(0.9412, 0.0078, 0.498, 1.0)","(0.6199, 0.3013, 0.3398, 1.0)",288276.63,288276.63,9.13,8.52,9.13,9.53,37.9,62.1,27.38,5.75,46.5,50.0,-0.09673280463997427,-0.09906415384564757
6500,"Seguros, reaseguros y fondos de pensiones",K. Actividades Financieras y de Seguros,"JKLMNOPQRS. Servicios, adm. pública, educación y salud","(0.9411764705882353, 0.00784313725490196, 0.4980392156862745, 1.0)","(0.9412, 0.0078, 0.498, 1.0)","(0.6199, 0.3013, 0.3398, 1.0)",146673.68,146673.68,8.6,8.52,9.02,9.27,38.34,61.66,3.26,6.51,42.66,48.0,-0.11309050525105467,-0.11692741722643278
6600,Actividades auxiliares a los servicios,K. Actividades Financieras y de Seguros,"JKLMNOPQRS. Servicios, adm. pública, educación y salud","(0.9411764705882353, 0.00784313725490196, 0.4980392156862745, 1.0)","(0.9412, 0.0078, 0.498, 1.0)","(0.6199, 0.3013, 0.3398, 1.0)",2444.45,2444.45,,,,,0.0,100.0,0.0,,,,,
6800,Actividades inmobiliarias,L. Actividades Inmobiliarias,"JKLMNOPQRS. Servicios, adm. pública, educación y salud","(0.9411764705882353, 0.00784313725490196, 0.4980392156862745, 1.0)","(0.9412, 0.0078, 0.498, 1.0)","(0.6199, 0.3013, 0.3398, 1.0)",97660.56,97660.56,8.83,8.12,8.78,9.43,43.43,56.57,0.75,6.67,52.42,57.5,-0.05101522280447973,-0.07849784900207497
6900,Actividades jurídicas y de contabilidad,"M. Actividades Profesionales, Científicas y Técnicas ","JKLMNOPQRS. Servicios, adm. pública, educación y salud","(0.9411764705882353, 0.00784313725490196, 0.4980392156862745, 1.0)","(0.8451, 0.1824, 0.2941, 1.0)","(0.6199, 0.3013, 0.3398, 1.0)",501709.78,501709.78,9.1,8.51,8.99,9.61,47.93,52.07,2.43,7.94,42.57,42.0,-0.23361868743618314,-0.1971948662710439
7000,Actividades de servicios de consultoría,"M. Actividades Profesionales, Científicas y Técnicas ","JKLMNOPQRS. Servicios, adm. pública, educación y salud","(0.9411764705882353, 0.00784313725490196, 0.4980392156862745, 1.0)","(0.8451, 0.1824, 0.2941, 1.0)","(0.6199, 0.3013, 0.3398, 1.0)",40550.75,40550.75,8.88,8.69,9.06,9.35,17.6,82.4,1.83,8.15,47.64,56.5,0.09049272937232747,0.14482740113260045
7100,Servicios de arquitectura e ingeniería,"M. Actividades Profesionales, Científicas y Técnicas ","JKLMNOPQRS. Servicios, adm. pública, educación y salud","(0.9411764705882353, 0.00784313725490196, 0.4980392156862745, 1.0)","(0.8451, 0.1824, 0.2941, 1.0)","(0.6199, 0.3013, 0.3398, 1.0)",191890.8,191890.8,9.33,8.85,9.32,9.8,20.14,79.86,10.75,8.59,46.94,41.5,0.04029492793152869,-0.2353080150686628
7200,Investigación y desarrollo,"M. Actividades Profesionales, Científicas y Técnicas ","JKLMNOPQRS. Servicios, adm. pública, educación y salud","(0.9411764705882353, 0.00784313725490196, 0.4980392156862745, 1.0)","(0.8451, 0.1824, 0.2941, 1.0)","(0.6199, 0.3013, 0.3398, 1.0)",74699.0,74699.0,9.49,8.79,9.49,9.78,61.5,38.5,80.2,8.13,46.42,45.0,-0.17414618173489335,-0.10573538557459769
7301,Actividades publicitarias,"M. Actividades Profesionales, Científicas y Técnicas ","JKLMNOPQRS. Servicios, adm. pública, educación y salud","(0.7490196078431373, 0.3568627450980392, 0.09019607843137253, 1.0)","(0.8451, 0.1824, 0.2941, 1.0)","(0.6199, 0.3013, 0.3398, 1.0)",78183.84,78183.84,8.44,7.78,8.75,9.11,52.13,47.87,0.13,7.03,34.21,31.5,0.09739735066246345,-0.18004459922504326
7302,Investigación de mercados y encuestas de opinión pública,"M. Actividades Profesionales, Científicas y Técnicas ","JKLMNOPQRS. Servicios, adm. pública, educación y salud","(0.7490196078431373, 0.3568627450980392, 0.09019607843137253, 1.0)","(0.8451, 0.1824, 0.2941, 1.0)","(0.6199, 0.3013, 0.3398, 1.0)",12033.4,12033.4,8.73,8.48,8.78,9.04,37.97,62.03,21.68,7.66,37.6,34.5,0.305357181934639,-0.08457071066012188
7400,"Otras actividades profesionales, científicas y técnicas","M. Actividades Profesionales, Científicas y Técnicas ","JKLMNOPQRS. Servicios, adm. pública, educación y salud","(0.7490196078431373, 0.3568627450980392, 0.09019607843137253, 1.0)","(0.8451, 0.1824, 0.2941, 1.0)","(0.6199, 0.3013, 0.3398, 1.0)",137332.7,137332.7,8.83,8.27,8.74,9.21,47.66,52.34,3.01,6.63,40.81,39.0,0.07546164924918507,-0.3063953215178191
7500,Actividades veterinarias,"M. Actividades Profesionales, Científicas y Técnicas ","JKLMNOPQRS. Servicios, adm. pública, educación y salud","(0.7490196078431373, 0.3568627450980392, 0.09019607843137253, 1.0)","(0.8451, 0.1824, 0.2941, 1.0)","(0.6199, 0.3013, 0.3398, 1.0)",35770.57,35770.57,9.35,8.75,9.14,10.14,50.18,49.82,10.73,8.39,47.11,40.5,0.015819323159529497,-0.15907223559321432
7701,Alquiler de efectos personales y domésticos,N. Actividades Administrativas y Servicios de Apoyo,"JKLMNOPQRS. Servicios, adm. pública, educación y salud","(0.7490196078431373, 0.3568627450980392, 0.09019607843137253, 1.0)","(0.749, 0.3569, 0.0902, 1.0)","(0.6199, 0.3013, 0.3398, 1.0)",5676.96,5676.96,8.77,8.41,9.21,9.73,82.9,17.1,0.0,6.75,29.2,27.0,0.029809910418160963,0.2375936092470347
7702,Alquiler de vehículos de transporte,N. Actividades Administrativas y Servicios de Apoyo,"JKLMNOPQRS. Servicios, adm. pública, educación y salud","(0.7490196078431373, 0.3568627450980392, 0.09019607843137253, 1.0)","(0.749, 0.3569, 0.0902, 1.0)","(0.6199, 0.3013, 0.3398, 1.0)",10880.17,10880.17,8.62,7.68,8.23,9.05,0.0,100.0,0.0,5.26,42.44,41.5,0.13384650700913206,0.18949277963215677
7800,Actividades relacionadas con el suministro de personal,N. Actividades Administrativas y Servicios de Apoyo,"JKLMNOPQRS. Servicios, adm. pública, educación y salud","(0.7490196078431373, 0.3568627450980392, 0.09019607843137253, 1.0)","(0.749, 0.3569, 0.0902, 1.0)","(0.6199, 0.3013, 0.3398, 1.0)",24104.12,24104.12,9.62,9.28,9.43,9.99,49.95,50.05,9.78,6.63,31.09,30.0,0.19174654408055025,0.06017093712539736
7900,Agencias de viajes y operadores turísticos,N. Actividades Administrativas y Servicios de Apoyo,"JKLMNOPQRS. Servicios, adm. pública, educación y salud","(0.7490196078431373, 0.3568627450980392, 0.09019607843137253, 1.0)","(0.749, 0.3569, 0.0902, 1.0)","(0.6199, 0.3013, 0.3398, 1.0)",64051.52,64051.52,8.9,8.52,8.85,9.15,69.92,30.08,9.54,6.51,44.34,47.0,-0.15200742192475486,0.0019279709750733619
8000,Actividades de investigación y seguridad,N. Actividades Administrativas y Servicios de Apoyo,"JKLMNOPQRS. Servicios, adm. pública, educación y salud","(0.7490196078431373, 0.3568627450980392, 0.09019607843137253, 1.0)","(0.749, 0.3569, 0.0902, 1.0)","(0.6199, 0.3013, 0.3398, 1.0)",137764.79,137764.79,8.67,8.01,8.74,8.99,10.4,89.6,11.4,4.47,38.65,39.0,-0.16679198006628196,-0.18321351264189956
8101,Servicios de apoyo a edificios,N. Actividades Administrativas y Servicios de Apoyo,"JKLMNOPQRS. Servicios, adm. pública, educación y salud","(0.7490196078431373, 0.3568627450980392, 0.09019607843137253, 1.0)","(0.749, 0.3569, 0.0902, 1.0)","(0.6199, 0.3013, 0.3398, 1.0)",523627.16,523627.16,8.62,8.06,8.68,8.99,37.02,62.98,36.16,4.23,45.04,46.0,-0.2972803990410054,-0.0872960106567284
8102,Servicios de paisajismo y jardinería,N. Actividades Administrativas y Servicios de Apoyo,"JKLMNOPQRS. Servicios, adm. pública, educación y salud","(0.7490196078431373, 0.3568627450980392, 0.09019607843137253, 1.0)","(0.749, 0.3569, 0.0902, 1.0)","(0.6199, 0.3013, 0.3398, 1.0)",181629.2,181629.2,7.96,6.91,7.82,8.67,11.24,88.76,4.95,3.61,41.04,36.0,-0.36311107960028405,0.13523020135796074
8200,Actividades administrativas de oficinas,N. Actividades Administrativas y Servicios de Apoyo,"JKLMNOPQRS. Servicios, adm. pública, educación y salud","(0.7490196078431373, 0.3568627450980392, 0.09019607843137253, 1.0)","(0.749, 0.3569, 0.0902, 1.0)","(0.6199, 0.3013, 0.3398, 1.0)",219441.91,219441.91,8.58,8.03,8.52,8.96,54.57,45.43,2.19,5.44,39.56,38.0,-0.059947733049012235,-0.09878593852333843
8400,Administración Pública y Defensa; Planes de Seguro Social Obligatorio,O. Administración Pública y Defensa,"JKLMNOPQRS. Servicios, adm. pública, educación y salud","(0.7490196078431373, 0.3568627450980392, 0.09019607843137253, 1.0)","(0.749, 0.3569, 0.0902, 1.0)","(0.6199, 0.3013, 0.3398, 1.0)",8588.0,8588.0,9.49,8.77,9.07,9.36,37.21,62.79,87.91,7.89,51.55,59.5,0.27991941005977466,-0.0184053805871008
8401,Administración pública,O. Administración Pública y Defensa,"JKLMNOPQRS. Servicios, adm. pública, educación y salud","(0.7490196078431373, 0.3568627450980392, 0.09019607843137253, 1.0)","(0.749, 0.3569, 0.0902, 1.0)","(0.6199, 0.3013, 0.3398, 1.0)",1316289.92,1316289.92,8.85,8.19,8.7,9.21,48.05,51.95,99.06,6.16,47.85,48.0,-0.2507947583355881,-0.15529585486094635
8402,Seguridad pública,O. Administración Pública y Defensa,"JKLMNOPQRS. Servicios, adm. pública, educación y salud","(0.7490196078431373, 0.3568627450980392, 0.09019607843137253, 1.0)","(0.749, 0.3569, 0.0902, 1.0)","(0.6199, 0.3013, 0.3398, 1.0)",535967.69,535967.69,8.98,8.61,9.02,9.33,26.19,73.81,98.31,5.57,43.11,40.0,-0.3337855822616907,-0.27442038990477674
8403,Servicios de la seguridad social obligatoria,O. Administración Pública y Defensa,"JKLMNOPQRS. Servicios, adm. pública, educación y salud","(0.7490196078431373, 0.3568627450980392, 0.09019607843137253, 1.0)","(0.749, 0.3569, 0.0902, 1.0)","(0.6199, 0.3013, 0.3398, 1.0)",13005.92,13005.92,9.7,9.3,9.62,10.14,21.85,78.15,100.0,7.67,34.23,34.5,0.22765349313178868,-0.006183060634299506
8501,Enseñanza,P. Enseñanza,"JKLMNOPQRS. Servicios, adm. pública, educación y salud","(0.4, 0.4, 0.4, 1.0)","(0.4, 0.4, 0.4, 1.0)","(0.6199, 0.3013, 0.3398, 1.0)",2706459.21,2706459.21,8.82,8.3,8.75,9.21,76.91,23.09,76.02,6.88,47.75,47.0,-0.4416268709838516,-0.2155233294602712
8509,Otros tipos de enseñanza,P. Enseñanza,"JKLMNOPQRS. Servicios, adm. pública, educación y salud","(0.4, 0.4, 0.4, 1.0)","(0.4, 0.4, 0.4, 1.0)","(0.6199, 0.3013, 0.3398, 1.0)",192899.78,192899.78,8.54,8.01,8.7,9.2,73.48,26.52,13.54,6.95,38.6,32.0,-0.19851806278903722,-0.20416927441986318
8600,Atención de la salud,Q. Salud Humana y Servicios Sociales,"JKLMNOPQRS. Servicios, adm. pública, educación y salud","(0.4, 0.4, 0.4, 1.0)","(0.4, 0.4, 0.4, 1.0)","(0.6199, 0.3013, 0.3398, 1.0)",1499393.66,1499393.66,8.8,8.29,8.83,9.31,72.66,27.34,45.41,6.8,48.24,48.0,-0.36683547983703485,-0.18401437613343008
8700,Asistencia social,Q. Salud Humana y Servicios Sociales,"JKLMNOPQRS. Servicios, adm. pública, educación y salud","(0.4, 0.4, 0.4, 1.0)","(0.4, 0.4, 0.4, 1.0)","(0.6199, 0.3013, 0.3398, 1.0)",235276.61,235276.61,8.35,7.95,8.29,8.74,85.65,14.35,23.18,4.06,50.31,46.0,-0.3218085195512762,-0.11623249176101702
8800,Servicios sociales sin alojamiento,Q. Salud Humana y Servicios Sociales,"JKLMNOPQRS. Servicios, adm. pública, educación y salud","(0.4, 0.4, 0.4, 1.0)","(0.4, 0.4, 0.4, 1.0)","(0.6199, 0.3013, 0.3398, 1.0)",186901.94,186901.94,8.43,7.86,8.24,8.78,92.46,7.54,41.67,5.88,45.46,44.0,-0.22731318922068866,-0.09341270562275884
9000,Actividades artísticas y de espectáculo,"R. Artes, Entretenimiento y Recreación ","JKLMNOPQRS. Servicios, adm. pública, educación y salud","(0.4, 0.4, 0.4, 1.0)","(0.4, 0.4, 0.4, 1.0)","(0.6199, 0.3013, 0.3398, 1.0)",157015.64,157015.64,8.72,8.03,8.51,9.02,28.79,71.21,18.46,5.86,45.14,35.0,-0.12220405816869319,-0.2868664974656893
9100,Actividades de bibliotecas y archivos,"R. Artes, Entretenimiento y Recreación ","JKLMNOPQRS. Servicios, adm. pública, educación y salud","(0.4, 0.4, 0.4, 1.0)","(0.4, 0.4, 0.4, 1.0)","(0.6199, 0.3013, 0.3398, 1.0)",29695.29,29695.29,8.37,8.11,8.71,9.29,76.75,23.25,76.43,5.92,36.47,38.0,0.19121117835177906,-0.01949871624029845
9200,Actividades de juegos de azar y apuesta,"R. Artes, Entretenimiento y Recreación ","JKLMNOPQRS. Servicios, adm. pública, educación y salud","(0.4, 0.4, 0.4, 1.0)","(0.4, 0.4, 0.4, 1.0)","(0.6199, 0.3013, 0.3398, 1.0)",123852.66,123852.66,8.66,8.07,8.54,9.04,52.39,47.61,2.46,4.79,37.86,34.5,-0.22303724445241394,-0.011243284888314562
9301,Actividades para la práctica deportiva,"R. Artes, Entretenimiento y Recreación ","JKLMNOPQRS. Servicios, adm. pública, educación y salud","(0.4, 0.4, 0.4, 1.0)","(0.4, 0.4, 0.4, 1.0)","(0.6199, 0.3013, 0.3398, 1.0)",152583.97,152583.97,8.66,7.89,8.52,8.99,31.88,68.12,18.14,5.24,35.69,36.0,-0.13617702104396714,-0.08735323910834537
9302,Actividades de entretenimiento n.c.p.,"R. Artes, Entretenimiento y Recreación ","JKLMNOPQRS. Servicios, adm. pública, educación y salud","(0.4, 0.4, 0.4, 1.0)","(0.4, 0.4, 0.4, 1.0)","(0.6199, 0.3013, 0.3398, 1.0)",122317.44,122317.44,8.01,7.35,8.01,8.53,52.21,47.79,4.92,5.25,35.6,32.0,-0.12440089134535126,-0.0755581107597779
9401,Actividades de organizaciones empresariales y de empleadores,S. Otras Actividades de Servicios,"JKLMNOPQRS. Servicios, adm. pública, educación y salud","(0.4, 0.4, 0.4, 1.0)","(0.4, 0.4, 0.4, 1.0)","(0.6199, 0.3013, 0.3398, 1.0)",34771.51,34771.51,9.01,8.8,9.09,9.33,31.0,69.0,23.19,6.3,41.83,45.0,0.10425104582117785,-0.04722386698796829
9402,Actividades de sindicatos,S. Otras Actividades de Servicios,"JKLMNOPQRS. Servicios, adm. pública, educación y salud","(0.4, 0.4, 0.4, 1.0)","(0.4, 0.4, 0.4, 1.0)","(0.6199, 0.3013, 0.3398, 1.0)",25635.49,25635.49,8.92,8.22,8.7,9.17,63.94,36.06,17.67,5.23,52.19,51.0,0.1204135224691387,-0.04152451175343472
9409,Actividades de asociaciones n.c.p.,S. Otras Actividades de Servicios,"JKLMNOPQRS. Servicios, adm. pública, educación y salud","(0.4, 0.4, 0.4, 1.0)","(0.4, 0.4, 0.4, 1.0)","(0.6199, 0.3013, 0.3398, 1.0)",77175.53,77175.53,8.09,7.6,8.1,8.48,65.45,34.55,20.89,5.69,42.64,44.0,0.01732235042888813,-0.06237855830885489
9501,Reparación de equipos informáticos,S. Otras Actividades de Servicios,"JKLMNOPQRS. Servicios, adm. pública, educación y salud","(0.4, 0.4, 0.4, 1.0)","(0.4, 0.4, 0.4, 1.0)","(0.6199, 0.3013, 0.3398, 1.0)",45538.33,45538.33,8.86,8.16,8.56,9.24,3.48,96.52,20.62,7.17,37.68,28.0,0.13982050672355972,-0.08471761186617885
9502,Reparación de equipos de comunicación,S. Otras Actividades de Servicios,"JKLMNOPQRS. Servicios, adm. pública, educación y salud","(0.4, 0.4, 0.4, 1.0)","(0.4, 0.4, 0.4, 1.0)","(0.6199, 0.3013, 0.3398, 1.0)",7083.39,7083.39,9.07,7.8,8.01,8.81,20.15,79.85,6.2,6.4,30.61,25.5,0.3496603874318223,0.10084224181783553
9503,Reparación de efectos de uso personal y doméstico,S. Otras Actividades de Servicios,"JKLMNOPQRS. Servicios, adm. pública, educación y salud","(0.4, 0.4, 0.4, 1.0)","(0.4, 0.4, 0.4, 1.0)","(0.6199, 0.3013, 0.3398, 1.0)",277652.7,277652.7,8.32,7.66,8.19,8.7,58.3,41.7,2.91,4.36,50.96,49.0,-0.04631439445511047,-0.25722515620108105
9601,Lavado y limpieza de artículos de tela,S. Otras Actividades de Servicios,"JKLMNOPQRS. Servicios, adm. pública, educación y salud","(0.4, 0.4, 0.4, 1.0)","(0.4, 0.4, 0.4, 1.0)","(0.6199, 0.3013, 0.3398, 1.0)",47659.85,47659.85,8.04,7.65,8.06,9.18,86.72,13.28,3.24,3.93,49.53,51.0,-0.22558403562864104,0.12344260867034498
9602,Servicios de peluquería y tratamientos,S. Otras Actividades de Servicios,"JKLMNOPQRS. Servicios, adm. pública, educación y salud","(0.4, 0.4, 0.4, 1.0)","(0.4, 0.4, 0.4, 1.0)","(0.6199, 0.3013, 0.3398, 1.0)",351438.01,351438.01,8.3,7.6,8.29,8.8,86.18,13.82,0.43,4.6,46.04,45.0,-0.5188046367521765,-0.14141375542919496
9603,Pompas fúnebres y servicios conexos,S. Otras Actividades de Servicios,"JKLMNOPQRS. Servicios, adm. pública, educación y salud","(0.4, 0.4, 0.4, 1.0)","(0.4, 0.4, 0.4, 1.0)","(0.6199, 0.3013, 0.3398, 1.0)",36736.13,36736.13,8.81,8.25,8.69,8.95,28.74,71.26,15.89,4.42,47.8,57.0,0.052945017008515116,-0.12182900026921678
9609,Servicios personales n.c.p.,S. Otras Actividades de Servicios,"JKLMNOPQRS. Servicios, adm. pública, educación y salud","(0.4, 0.4, 0.4, 1.0)","(0.4, 0.4, 0.4, 1.0)","(0.6199, 0.3013, 0.3398, 1.0)",52964.32,52964.32,8.07,7.6,8.16,8.61,58.41,41.59,1.63,4.29,39.64,35.0,-0.16824088258536443,-0.2908424109243503
9700,Actividades de hogares,T. Actividades de los Hogares como Empleadores de Personal Doméstico,T. Empleo doméstico,"(0.4, 0.4, 0.4, 1.0)","(0.4, 0.4, 0.4, 1.0)","(0.4, 0.4, 0.4, 1.0)",3402308.73,3402308.73,7.88,7.38,7.92,8.41,96.08,3.92,0.51,3.65,44.53,43.0,-0.6759474355816671,-0.27719455466921245
