v182caes,original_v182caes,caeslabel,caesletra,caesag,caeslabel_color,caesletra_color,caesag_color,n_obs,total_workers_weighted,income_mean,income_std,income_median,female_pct,male_pct,public_sector_pct,nivel_ed_mean,nivel_ed_std,age_mean,age_std,age_median
100,100,Cultivos agrícolas,"A. Agricultura, Ganadería, Caza, Silvicultura y Pesca","A. Agricultura, Ganadería, Caza, Silvicultura y Pesca","(0.4980392156862745, 0.788235294117647, 0.4980392156862745, 1.0)","(0.498, 0.7882, 0.498, 1.0)","(0.498, 0.7882, 0.498, 1.0)",1518.0,1518.0,,,,100.0,0.0,0.0,9.0,0.0,42.0,0.0,42.0
101,101,Cultivos agrícolas,"A. Agricultura, Ganadería, Caza, Silvicultura y Pesca","A. Agricultura, Ganadería, Caza, Silvicultura y Pesca","(0.4980392156862745, 0.788235294117647, 0.4980392156862745, 1.0)","(0.498, 0.7882, 0.498, 1.0)","(0.498, 0.7882, 0.498, 1.0)",120805.4,120805.4,8.02,0.73,8.05,100.0,0.0,5.99,3.24,1.75,52.77,22.65,52.0
102,102,Cría de animales,"A. Agricultura, Ganadería, Caza, Silvicultura y Pesca","A. Agricultura, Ganadería, Caza, Silvicultura y Pesca","(0.4980392156862745, 0.788235294117647, 0.4980392156862745, 1.0)","(0.498, 0.7882, 0.498, 1.0)","(0.498, 0.7882, 0.498, 1.0)",38162.0,38162.0,8.15,0.73,8.03,100.0,0.0,1.34,2.74,1.01,65.96,21.48,60.0
103,103,Cultivo de productos agrícolas,"A. Agricultura, Ganadería, Caza, Silvicultura y Pesca","A. Agricultura, Ganadería, Caza, Silvicultura y Pesca","(0.4980392156862745, 0.788235294117647, 0.4980392156862745, 1.0)","(0.498, 0.7882, 0.498, 1.0)","(0.498, 0.7882, 0.498, 1.0)",16541.21,16541.21,8.36,0.0,8.36,100.0,0.0,0.0,3.78,2.14,74.15,10.72,66.0
104,104,Servicios agrícolas y pecuarios,"A. Agricultura, Ganadería, Caza, Silvicultura y Pesca","A. Agricultura, Ganadería, Caza, Silvicultura y Pesca","(0.4980392156862745, 0.788235294117647, 0.4980392156862745, 1.0)","(0.498, 0.7882, 0.498, 1.0)","(0.498, 0.7882, 0.498, 1.0)",3687.38,3687.38,9.45,0.0,9.45,100.0,0.0,31.83,7.19,2.4,36.92,1.44,36.5
105,105,Caza y servicios de apoyo,"A. Agricultura, Ganadería, Caza, Silvicultura y Pesca","A. Agricultura, Ganadería, Caza, Silvicultura y Pesca","(0.4980392156862745, 0.788235294117647, 0.4980392156862745, 1.0)","(0.498, 0.7882, 0.498, 1.0)","(0.498, 0.7882, 0.498, 1.0)",0.0,,,,,,,,,,,,
200,200,"Silvicultura, extracción de madera y actividades conexas","A. Agricultura, Ganadería, Caza, Silvicultura y Pesca","A. Agricultura, Ganadería, Caza, Silvicultura y Pesca","(0.4980392156862745, 0.788235294117647, 0.4980392156862745, 1.0)","(0.498, 0.7882, 0.498, 1.0)","(0.498, 0.7882, 0.498, 1.0)",2353.0,2353.0,8.21,0.29,7.97,100.0,0.0,0.0,7.88,2.34,59.51,3.11,57.0
300,300,Pesca y acuicultura,"A. Agricultura, Ganadería, Caza, Silvicultura y Pesca","A. Agricultura, Ganadería, Caza, Silvicultura y Pesca","(0.4980392156862745, 0.788235294117647, 0.4980392156862745, 1.0)","(0.498, 0.7882, 0.498, 1.0)","(0.498, 0.7882, 0.498, 1.0)",4330.0,4330.0,8.52,0.0,8.52,100.0,0.0,0.0,7.0,0.0,45.0,0.0,45.0
500,500,Extracción de carbón y lignito,B. Explotación de Minas y Canteras,"BCDEF. Minería, Industria, Electricidad, Saneamiento y Construcción","(0.4980392156862745, 0.788235294117647, 0.4980392156862745, 1.0)","(0.498, 0.7882, 0.498, 1.0)","(0.7996, 0.7542, 0.6306, 1.0)",0.0,,,,,,,,,,,,
600,600,Extracción de petróleo crudo y gas natural,B. Explotación de Minas y Canteras,"BCDEF. Minería, Industria, Electricidad, Saneamiento y Construcción","(0.4980392156862745, 0.788235294117647, 0.4980392156862745, 1.0)","(0.498, 0.7882, 0.498, 1.0)","(0.7996, 0.7542, 0.6306, 1.0)",5736.63,5736.63,9.29,0.0,9.29,100.0,0.0,0.0,7.57,1.05,28.57,1.05,27.5
700,700,Extracción de minerales metalíferos,B. Explotación de Minas y Canteras,"BCDEF. Minería, Industria, Electricidad, Saneamiento y Construcción","(0.4980392156862745, 0.788235294117647, 0.4980392156862745, 1.0)","(0.498, 0.7882, 0.498, 1.0)","(0.7996, 0.7542, 0.6306, 1.0)",2101.89,2101.89,,,,100.0,0.0,0.0,,,,,
800,800,Explotación de otras minas y canteras,B. Explotación de Minas y Canteras,"BCDEF. Minería, Industria, Electricidad, Saneamiento y Construcción","(0.4980392156862745, 0.788235294117647, 0.4980392156862745, 1.0)","(0.498, 0.7882, 0.498, 1.0)","(0.7996, 0.7542, 0.6306, 1.0)",2541.71,2541.71,8.03,0.34,7.95,100.0,0.0,0.0,2.37,0.48,71.74,12.59,75.0
900,900,Actividades de Apoyo a la Explotación de Minas y Canteras,B. Explotación de Minas y Canteras,"BCDEF. Minería, Industria, Electricidad, Saneamiento y Construcción","(0.4980392156862745, 0.788235294117647, 0.4980392156862745, 1.0)","(0.498, 0.7882, 0.498, 1.0)","(0.7996, 0.7542, 0.6306, 1.0)",521.0,521.0,,,,100.0,0.0,0.0,6.0,0.0,35.0,0.0,35.0
1000,1000,Industria manufacturera (general),C. Industria Manufacturera,"BCDEF. Minería, Industria, Electricidad, Saneamiento y Construcción","(0.4980392156862745, 0.788235294117647, 0.4980392156862745, 1.0)","(0.8026, 0.7275, 0.6562, 1.0)","(0.7996, 0.7542, 0.6306, 1.0)",52997.64,52997.64,8.66,0.66,8.44,100.0,0.0,0.0,4.02,1.79,41.84,13.09,36.0
1001,1001,Producción y procesamiento de carne,C. Industria Manufacturera,"BCDEF. Minería, Industria, Electricidad, Saneamiento y Construcción","(0.4980392156862745, 0.788235294117647, 0.4980392156862745, 1.0)","(0.8026, 0.7275, 0.6562, 1.0)","(0.7996, 0.7542, 0.6306, 1.0)",38948.86,38948.86,8.31,0.74,8.29,100.0,0.0,0.0,3.82,1.5,46.41,17.16,57.0
1002,1002,"Preparación de frutas, hortalizas y legumbres",C. Industria Manufacturera,"BCDEF. Minería, Industria, Electricidad, Saneamiento y Construcción","(0.4980392156862745, 0.788235294117647, 0.4980392156862745, 1.0)","(0.8026, 0.7275, 0.6562, 1.0)","(0.7996, 0.7542, 0.6306, 1.0)",24658.86,24658.86,7.96,0.99,8.2,100.0,0.0,0.0,3.99,1.34,50.21,14.09,54.5
1003,1003,Elaboración de productos lácteos,C. Industria Manufacturera,"BCDEF. Minería, Industria, Electricidad, Saneamiento y Construcción","(0.4980392156862745, 0.788235294117647, 0.4980392156862745, 1.0)","(0.8026, 0.7275, 0.6562, 1.0)","(0.7996, 0.7542, 0.6306, 1.0)",73.0,73.0,,,,100.0,0.0,0.0,7.0,0.0,28.0,0.0,28.0
1009,1009,Elaboración de productos alimenticios,C. Industria Manufacturera,"BCDEF. Minería, Industria, Electricidad, Saneamiento y Construcción","(0.4980392156862745, 0.788235294117647, 0.4980392156862745, 1.0)","(0.8026, 0.7275, 0.6562, 1.0)","(0.7996, 0.7542, 0.6306, 1.0)",239272.41,239272.41,7.85,0.96,8.07,100.0,0.0,1.2,4.43,2.07,43.37,17.2,36.0
1100,1100,Elaboración de bebidas,C. Industria Manufacturera,"BCDEF. Minería, Industria, Electricidad, Saneamiento y Construcción","(0.4980392156862745, 0.788235294117647, 0.4980392156862745, 1.0)","(0.8026, 0.7275, 0.6562, 1.0)","(0.7996, 0.7542, 0.6306, 1.0)",20157.85,20157.85,7.69,0.93,8.04,100.0,0.0,0.0,3.95,1.12,57.18,19.17,62.5
1200,1200,Elaboración de Productos de Tabaco,C. Industria Manufacturera,"BCDEF. Minería, Industria, Electricidad, Saneamiento y Construcción","(0.4980392156862745, 0.788235294117647, 0.4980392156862745, 1.0)","(0.8026, 0.7275, 0.6562, 1.0)","(0.7996, 0.7542, 0.6306, 1.0)",0.0,,,,,,,,,,,,
1300,1300,Fabricación de productos textiles,C. Industria Manufacturera,"BCDEF. Minería, Industria, Electricidad, Saneamiento y Construcción","(0.7450980392156863, 0.6823529411764706, 0.8313725490196079, 1.0)","(0.8026, 0.7275, 0.6562, 1.0)","(0.7996, 0.7542, 0.6306, 1.0)",123797.1,123797.1,8.28,1.02,8.47,100.0,0.0,1.0,4.04,1.46,49.88,23.59,54.0
1400,1400,Confección de prendas de vestir,C. Industria Manufacturera,"BCDEF. Minería, Industria, Electricidad, Saneamiento y Construcción","(0.7450980392156863, 0.6823529411764706, 0.8313725490196079, 1.0)","(0.8026, 0.7275, 0.6562, 1.0)","(0.7996, 0.7542, 0.6306, 1.0)",390050.97,390050.97,8.14,0.78,8.16,100.0,0.0,2.84,3.72,1.53,62.2,19.3,62.0
1501,1501,Curtido y terminación de cueros,C. Industria Manufacturera,"BCDEF. Minería, Industria, Electricidad, Saneamiento y Construcción","(0.7450980392156863, 0.6823529411764706, 0.8313725490196079, 1.0)","(0.8026, 0.7275, 0.6562, 1.0)","(0.7996, 0.7542, 0.6306, 1.0)",10128.66,10128.66,8.71,0.3,8.63,100.0,0.0,11.64,4.17,1.61,56.66,19.56,52.0
1502,1502,Fabricación de calzado y sus partes,C. Industria Manufacturera,"BCDEF. Minería, Industria, Electricidad, Saneamiento y Construcción","(0.7450980392156863, 0.6823529411764706, 0.8313725490196079, 1.0)","(0.8026, 0.7275, 0.6562, 1.0)","(0.7996, 0.7542, 0.6306, 1.0)",55664.98,55664.98,8.27,0.68,8.28,100.0,0.0,5.84,4.14,1.4,40.78,18.78,37.5
1600,1600,Producción de madera y materiales de construcción,C. Industria Manufacturera,"BCDEF. Minería, Industria, Electricidad, Saneamiento y Construcción","(0.7450980392156863, 0.6823529411764706, 0.8313725490196079, 1.0)","(0.8026, 0.7275, 0.6562, 1.0)","(0.7996, 0.7542, 0.6306, 1.0)",9913.0,9913.0,8.37,0.79,8.06,100.0,0.0,2.8,4.31,1.9,29.18,14.26,28.0
1700,1700,Fabricación de papel y productos de papel,C. Industria Manufacturera,"BCDEF. Minería, Industria, Electricidad, Saneamiento y Construcción","(0.7450980392156863, 0.6823529411764706, 0.8313725490196079, 1.0)","(0.8026, 0.7275, 0.6562, 1.0)","(0.7996, 0.7542, 0.6306, 1.0)",18324.69,18324.69,8.8,0.21,8.7,100.0,0.0,0.0,3.49,0.9,51.32,13.07,49.5
1800,1800,Actividades de impresión,C. Industria Manufacturera,"BCDEF. Minería, Industria, Electricidad, Saneamiento y Construcción","(0.7450980392156863, 0.6823529411764706, 0.8313725490196079, 1.0)","(0.8026, 0.7275, 0.6562, 1.0)","(0.7996, 0.7542, 0.6306, 1.0)",20574.77,20574.77,8.72,0.39,8.98,100.0,0.0,0.0,6.83,1.55,34.73,9.13,37.0
1900,1900,Fabricación de coque y de productos de la refinación del petróleo,C. Industria Manufacturera,"BCDEF. Minería, Industria, Electricidad, Saneamiento y Construcción","(0.7450980392156863, 0.6823529411764706, 0.8313725490196079, 1.0)","(0.8026, 0.7275, 0.6562, 1.0)","(0.7996, 0.7542, 0.6306, 1.0)",0.0,,,,,,,,,,,,
1902,1902,Fabricación de productos de la refinación del petróleo,C. Industria Manufacturera,"BCDEF. Minería, Industria, Electricidad, Saneamiento y Construcción","(0.7450980392156863, 0.6823529411764706, 0.8313725490196079, 1.0)","(0.8026, 0.7275, 0.6562, 1.0)","(0.7996, 0.7542, 0.6306, 1.0)",3030.47,3030.47,6.7,0.0,6.7,100.0,0.0,32.24,3.0,0.0,59.0,0.0,59.0
2000,2000,Fabricación de Sustancias y Productos Químicos,C. Industria Manufacturera,"BCDEF. Minería, Industria, Electricidad, Saneamiento y Construcción","(0.7450980392156863, 0.6823529411764706, 0.8313725490196079, 1.0)","(0.8026, 0.7275, 0.6562, 1.0)","(0.7996, 0.7542, 0.6306, 1.0)",1925.0,1925.0,10.39,0.0,10.39,100.0,0.0,0.0,9.0,0.0,46.0,0.0,46.0
2001,2001,Fabricación de pinturas y barnices,C. Industria Manufacturera,"BCDEF. Minería, Industria, Electricidad, Saneamiento y Construcción","(0.7450980392156863, 0.6823529411764706, 0.8313725490196079, 1.0)","(0.8026, 0.7275, 0.6562, 1.0)","(0.7996, 0.7542, 0.6306, 1.0)",4300.82,4300.82,,,,100.0,0.0,0.0,,,,,
2002,2002,Fabricación de jabones y detergentes,C. Industria Manufacturera,"BCDEF. Minería, Industria, Electricidad, Saneamiento y Construcción","(0.7450980392156863, 0.6823529411764706, 0.8313725490196079, 1.0)","(0.8026, 0.7275, 0.6562, 1.0)","(0.7996, 0.7542, 0.6306, 1.0)",8260.94,8260.94,8.67,0.59,8.75,100.0,0.0,23.86,3.57,1.98,58.89,21.59,61.0
2009,2009,Fabricación de otros productos químicos n.c.p.,C. Industria Manufacturera,"BCDEF. Minería, Industria, Electricidad, Saneamiento y Construcción","(0.7450980392156863, 0.6823529411764706, 0.8313725490196079, 1.0)","(0.8026, 0.7275, 0.6562, 1.0)","(0.7996, 0.7542, 0.6306, 1.0)",2977.0,2977.0,7.51,1.31,8.52,100.0,0.0,0.0,6.04,3.86,52.13,20.52,55.0
2100,2100,Fabricación de productos farmacéuticos,C. Industria Manufacturera,"BCDEF. Minería, Industria, Electricidad, Saneamiento y Construcción","(0.7450980392156863, 0.6823529411764706, 0.8313725490196079, 1.0)","(0.8026, 0.7275, 0.6562, 1.0)","(0.7996, 0.7542, 0.6306, 1.0)",21232.58,21232.58,8.8,0.97,9.16,100.0,0.0,6.14,6.71,1.97,46.28,18.73,40.0
2201,2201,Fabricación de productos de caucho,C. Industria Manufacturera,"BCDEF. Minería, Industria, Electricidad, Saneamiento y Construcción","(0.7450980392156863, 0.6823529411764706, 0.8313725490196079, 1.0)","(0.8026, 0.7275, 0.6562, 1.0)","(0.7996, 0.7542, 0.6306, 1.0)",1277.0,1277.0,,,,100.0,0.0,0.0,2.0,0.0,69.0,0.0,69.0
2202,2202,Fabricación de productos de plástico,C. Industria Manufacturera,"BCDEF. Minería, Industria, Electricidad, Saneamiento y Construcción","(0.7450980392156863, 0.6823529411764706, 0.8313725490196079, 1.0)","(0.8026, 0.7275, 0.6562, 1.0)","(0.7996, 0.7542, 0.6306, 1.0)",23263.6,23263.6,8.55,0.42,8.29,100.0,0.0,0.0,5.48,1.74,39.65,15.3,37.0
2301,2301,Fabricación de vidrio,C. Industria Manufacturera,"BCDEF. Minería, Industria, Electricidad, Saneamiento y Construcción","(0.7450980392156863, 0.6823529411764706, 0.8313725490196079, 1.0)","(0.8026, 0.7275, 0.6562, 1.0)","(0.7996, 0.7542, 0.6306, 1.0)",28618.31,28618.31,8.85,0.0,8.85,100.0,0.0,0.0,7.0,0.0,32.0,0.0,32.0
2309,2309,Fabricación de productos minerales no metálicos,C. Industria Manufacturera,"BCDEF. Minería, Industria, Electricidad, Saneamiento y Construcción","(0.7450980392156863, 0.6823529411764706, 0.8313725490196079, 1.0)","(0.8026, 0.7275, 0.6562, 1.0)","(0.7996, 0.7542, 0.6306, 1.0)",16156.27,16156.27,8.9,0.6,8.76,100.0,0.0,0.0,5.54,0.8,42.75,14.74,46.0
2400,2400,Fabricación de metales,C. Industria Manufacturera,"BCDEF. Minería, Industria, Electricidad, Saneamiento y Construcción","(0.7450980392156863, 0.6823529411764706, 0.8313725490196079, 1.0)","(0.8026, 0.7275, 0.6562, 1.0)","(0.7996, 0.7542, 0.6306, 1.0)",4779.85,4779.85,9.23,0.81,9.25,100.0,0.0,0.0,6.9,2.4,47.55,7.48,49.0
2500,2500,Fabricación de productos elaborados de metal,C. Industria Manufacturera,"BCDEF. Minería, Industria, Electricidad, Saneamiento y Construcción","(0.9921568627450981, 0.7529411764705882, 0.5254901960784314, 1.0)","(0.8026, 0.7275, 0.6562, 1.0)","(0.7996, 0.7542, 0.6306, 1.0)",64035.66,64035.66,8.41,0.85,8.48,100.0,0.0,0.0,5.5,2.58,50.63,17.28,54.5
2601,2601,Fabricación de componentes electrónicos,C. Industria Manufacturera,"BCDEF. Minería, Industria, Electricidad, Saneamiento y Construcción","(0.9921568627450981, 0.7529411764705882, 0.5254901960784314, 1.0)","(0.8026, 0.7275, 0.6562, 1.0)","(0.7996, 0.7542, 0.6306, 1.0)",9476.0,9476.0,9.25,0.04,9.24,100.0,0.0,0.0,6.46,2.68,42.97,11.39,45.5
2602,2602,Fabricación de equipos informáticos y periféricos,C. Industria Manufacturera,"BCDEF. Minería, Industria, Electricidad, Saneamiento y Construcción","(0.9921568627450981, 0.7529411764705882, 0.5254901960784314, 1.0)","(0.8026, 0.7275, 0.6562, 1.0)","(0.7996, 0.7542, 0.6306, 1.0)",1098.0,1098.0,,,,100.0,0.0,0.0,7.0,0.0,34.0,0.0,34.0
2603,2603,Fabricación de equipos y aparatos de radio,C. Industria Manufacturera,"BCDEF. Minería, Industria, Electricidad, Saneamiento y Construcción","(0.9921568627450981, 0.7529411764705882, 0.5254901960784314, 1.0)","(0.8026, 0.7275, 0.6562, 1.0)","(0.7996, 0.7542, 0.6306, 1.0)",2607.97,2607.97,,,,100.0,0.0,0.0,6.65,1.49,50.78,7.96,50.0
2604,2604,"Fabricación de equipos electromédicos, ópticos y de precisión ",C. Industria Manufacturera,"BCDEF. Minería, Industria, Electricidad, Saneamiento y Construcción","(0.9921568627450981, 0.7529411764705882, 0.5254901960784314, 1.0)","(0.8026, 0.7275, 0.6562, 1.0)","(0.7996, 0.7542, 0.6306, 1.0)",0.0,,,,,,,,,,,,
2700,2700,Fabricación de Maquinaria y Equipos Eléctricos,C. Industria Manufacturera,"BCDEF. Minería, Industria, Electricidad, Saneamiento y Construcción","(0.9921568627450981, 0.7529411764705882, 0.5254901960784314, 1.0)","(0.8026, 0.7275, 0.6562, 1.0)","(0.7996, 0.7542, 0.6306, 1.0)",0.0,,,,,,,,,,,,
2701,2701,Fabricación de aparatos de uso doméstico,C. Industria Manufacturera,"BCDEF. Minería, Industria, Electricidad, Saneamiento y Construcción","(0.9921568627450981, 0.7529411764705882, 0.5254901960784314, 1.0)","(0.8026, 0.7275, 0.6562, 1.0)","(0.7996, 0.7542, 0.6306, 1.0)",20966.5,20966.5,8.32,0.0,8.32,100.0,0.0,0.0,6.47,0.94,50.96,13.3,35.0
2709,2709,Fabricación de otras maquinarias y equipos,C. Industria Manufacturera,"BCDEF. Minería, Industria, Electricidad, Saneamiento y Construcción","(0.9921568627450981, 0.7529411764705882, 0.5254901960784314, 1.0)","(0.8026, 0.7275, 0.6562, 1.0)","(0.7996, 0.7542, 0.6306, 1.0)",20716.78,20716.78,8.11,0.08,8.06,100.0,0.0,0.0,4.32,1.19,39.08,10.64,42.0
2800,2800,Fabricación de maquinarias y equipos,C. Industria Manufacturera,"BCDEF. Minería, Industria, Electricidad, Saneamiento y Construcción","(0.9921568627450981, 0.7529411764705882, 0.5254901960784314, 1.0)","(0.8026, 0.7275, 0.6562, 1.0)","(0.7996, 0.7542, 0.6306, 1.0)",2882.0,2882.0,8.62,0.44,8.63,100.0,0.0,0.0,6.97,2.0,71.05,4.0,71.0
2900,2900,Fabricación de vehículos automotores,C. Industria Manufacturera,"BCDEF. Minería, Industria, Electricidad, Saneamiento y Construcción","(0.9921568627450981, 0.7529411764705882, 0.5254901960784314, 1.0)","(0.8026, 0.7275, 0.6562, 1.0)","(0.7996, 0.7542, 0.6306, 1.0)",28771.79,28771.79,8.26,0.18,8.12,100.0,0.0,0.0,4.38,1.12,44.87,21.92,52.0
3001,3001,Construcción de buques y otras embarcaciones,C. Industria Manufacturera,"BCDEF. Minería, Industria, Electricidad, Saneamiento y Construcción","(0.9921568627450981, 0.7529411764705882, 0.5254901960784314, 1.0)","(0.8026, 0.7275, 0.6562, 1.0)","(0.7996, 0.7542, 0.6306, 1.0)",394.0,394.0,8.85,0.0,8.85,100.0,0.0,0.0,2.0,0.0,30.0,0.0,30.0
3002,3002,Fabricación de locomotoras y de material rodante para ferrocarriles y tranvías,C. Industria Manufacturera,"BCDEF. Minería, Industria, Electricidad, Saneamiento y Construcción","(0.9921568627450981, 0.7529411764705882, 0.5254901960784314, 1.0)","(0.8026, 0.7275, 0.6562, 1.0)","(0.7996, 0.7542, 0.6306, 1.0)",0.0,,,,,,,,,,,,
3003,3003,Fabricación de aeronaves,C. Industria Manufacturera,"BCDEF. Minería, Industria, Electricidad, Saneamiento y Construcción","(0.9921568627450981, 0.7529411764705882, 0.5254901960784314, 1.0)","(0.8026, 0.7275, 0.6562, 1.0)","(0.7996, 0.7542, 0.6306, 1.0)",0.0,,,,,,,,,,,,
3009,3009,Fabricación de otros equipos de transporte n.c.p.,C. Industria Manufacturera,"BCDEF. Minería, Industria, Electricidad, Saneamiento y Construcción","(0.9921568627450981, 0.7529411764705882, 0.5254901960784314, 1.0)","(0.8026, 0.7275, 0.6562, 1.0)","(0.7996, 0.7542, 0.6306, 1.0)",0.0,,,,,,,,,,,,
3100,3100,Fabricación de muebles y colchones,C. Industria Manufacturera,"BCDEF. Minería, Industria, Electricidad, Saneamiento y Construcción","(0.9921568627450981, 0.7529411764705882, 0.5254901960784314, 1.0)","(0.8026, 0.7275, 0.6562, 1.0)","(0.7996, 0.7542, 0.6306, 1.0)",22100.98,22100.98,8.65,0.6,8.29,100.0,0.0,0.0,3.61,1.69,56.06,17.39,47.0
3200,3200,Industrias manufactureras n.c.p,C. Industria Manufacturera,"BCDEF. Minería, Industria, Electricidad, Saneamiento y Construcción","(0.9921568627450981, 0.7529411764705882, 0.5254901960784314, 1.0)","(0.8026, 0.7275, 0.6562, 1.0)","(0.7996, 0.7542, 0.6306, 1.0)",59344.65,59344.65,8.37,0.83,8.38,100.0,0.0,0.0,4.95,2.01,48.5,18.92,40.0
3300,3300,"Mantenimiento, reparación e instalación de maquinaria y equipo",C. Industria Manufacturera,"BCDEF. Minería, Industria, Electricidad, Saneamiento y Construcción","(0.9921568627450981, 0.7529411764705882, 0.5254901960784314, 1.0)","(0.8026, 0.7275, 0.6562, 1.0)","(0.7996, 0.7542, 0.6306, 1.0)",2990.0,2990.0,8.65,0.19,8.72,100.0,0.0,20.27,6.64,2.64,34.21,19.95,23.0
3501,3501,"Generación, transmisión y distribución de energía eléctrica","D. Suministro de Electricidad, Gas, Vapor y Aire Acondicionado ","BCDEF. Minería, Industria, Electricidad, Saneamiento y Construcción","(0.9921568627450981, 0.7529411764705882, 0.5254901960784314, 1.0)","(0.9922, 0.7529, 0.5255, 1.0)","(0.7996, 0.7542, 0.6306, 1.0)",20132.0,20132.0,8.55,0.73,8.57,100.0,0.0,44.63,6.64,2.03,46.62,17.27,50.0
3502,3502,Fabricación de gas,"D. Suministro de Electricidad, Gas, Vapor y Aire Acondicionado ","BCDEF. Minería, Industria, Electricidad, Saneamiento y Construcción","(0.9921568627450981, 0.7529411764705882, 0.5254901960784314, 1.0)","(0.9922, 0.7529, 0.5255, 1.0)","(0.7996, 0.7542, 0.6306, 1.0)",10788.7,10788.7,8.67,0.2,8.95,100.0,0.0,97.43,3.21,0.59,47.49,4.3,44.0
3600,3600,"Captación, tratamiento y suministro de agua",E. Suministro De Agua,"BCDEF. Minería, Industria, Electricidad, Saneamiento y Construcción","(0.9921568627450981, 0.7529411764705882, 0.5254901960784314, 1.0)","(0.998, 0.9382, 0.5814, 1.0)","(0.7996, 0.7542, 0.6306, 1.0)",6286.53,6286.53,8.69,0.35,8.67,100.0,0.0,62.75,5.15,1.28,47.69,8.01,45.0
3700,3700,Alcantarillado,E. Suministro De Agua,"BCDEF. Minería, Industria, Electricidad, Saneamiento y Construcción","(1.0, 1.0, 0.6, 1.0)","(0.998, 0.9382, 0.5814, 1.0)","(0.7996, 0.7542, 0.6306, 1.0)",0.0,,,,,,,,,,,,
3800,3800,"Recolección, tratamiento y eliminación de desechos",E. Suministro De Agua,"BCDEF. Minería, Industria, Electricidad, Saneamiento y Construcción","(1.0, 1.0, 0.6, 1.0)","(0.998, 0.9382, 0.5814, 1.0)","(0.7996, 0.7542, 0.6306, 1.0)",24178.76,24178.76,8.12,0.63,8.06,100.0,0.0,21.4,2.92,2.51,33.83,10.28,37.0
3900,3900,Actividades de saneamiento,E. Suministro De Agua,"BCDEF. Minería, Industria, Electricidad, Saneamiento y Construcción","(1.0, 1.0, 0.6, 1.0)","(0.998, 0.9382, 0.5814, 1.0)","(0.7996, 0.7542, 0.6306, 1.0)",4409.0,4409.0,8.08,0.0,8.08,100.0,0.0,100.0,8.0,0.0,31.0,0.0,31.0
4000,4000,Construcción,F. Construcción,"BCDEF. Minería, Industria, Electricidad, Saneamiento y Construcción","(1.0, 1.0, 0.6, 1.0)","(1.0, 1.0, 0.6, 1.0)","(0.7996, 0.7542, 0.6306, 1.0)",133603.68,133603.68,8.39,0.99,8.27,100.0,0.0,6.18,5.06,1.7,40.12,17.69,34.5
4501,4501,Venta de vehículos automotores,G. Comercio al por Mayor y al por Menor,"GI. Comercio, alojamiento y comidas","(1.0, 1.0, 0.6, 1.0)","(1.0, 1.0, 0.6, 1.0)","(0.8768, 0.909, 0.6142, 1.0)",17466.24,17466.24,8.12,1.08,7.99,100.0,0.0,0.0,5.19,2.19,39.26,13.91,37.0
4502,4502,Reparación de vehículos,G. Comercio al por Mayor y al por Menor,"GI. Comercio, alojamiento y comidas","(1.0, 1.0, 0.6, 1.0)","(1.0, 1.0, 0.6, 1.0)","(0.8768, 0.909, 0.6142, 1.0)",34309.6,34309.6,8.55,0.87,7.88,100.0,0.0,0.0,5.12,1.99,39.96,18.91,47.0
4503,4503,"Venta de partes, piezas y accesorios de vehículos",G. Comercio al por Mayor y al por Menor,"GI. Comercio, alojamiento y comidas","(1.0, 1.0, 0.6, 1.0)","(1.0, 1.0, 0.6, 1.0)","(0.8768, 0.909, 0.6142, 1.0)",14287.32,14287.32,8.74,0.85,8.53,100.0,0.0,0.0,4.25,1.14,45.44,18.15,36.0
4504,4504,"Venta, mantenimiento y reparación de motocicletas",G. Comercio al por Mayor y al por Menor,"GI. Comercio, alojamiento y comidas","(1.0, 1.0, 0.6, 1.0)","(1.0, 1.0, 0.6, 1.0)","(0.8768, 0.909, 0.6142, 1.0)",4768.78,4768.78,7.82,0.0,7.82,100.0,0.0,0.0,3.45,0.89,30.82,20.93,41.5
4800,4800,Comercio (general),G. Comercio al por Mayor y al por Menor,"GI. Comercio, alojamiento y comidas","(1.0, 1.0, 0.6, 1.0)","(1.0, 1.0, 0.6, 1.0)","(0.8768, 0.909, 0.6142, 1.0)",315447.42,315447.42,8.57,0.74,8.4,100.0,0.0,0.0,4.96,1.88,45.47,18.39,39.0
4801,4801,Comercio de intermediación,G. Comercio al por Mayor y al por Menor,"GI. Comercio, alojamiento y comidas","(1.0, 1.0, 0.6, 1.0)","(1.0, 1.0, 0.6, 1.0)","(0.8768, 0.909, 0.6142, 1.0)",73489.69,73489.69,8.88,0.67,8.74,100.0,0.0,0.0,6.38,1.97,46.91,17.33,42.0
4802,4802,Comercio de materias primas agropecuarias,G. Comercio al por Mayor y al por Menor,"GI. Comercio, alojamiento y comidas","(1.0, 1.0, 0.6, 1.0)","(1.0, 1.0, 0.6, 1.0)","(0.8768, 0.909, 0.6142, 1.0)",34490.32,34490.32,8.12,0.72,8.15,100.0,0.0,0.0,4.16,1.22,32.8,13.73,35.0
4803,4803,Comercio alimentos/bebidas,G. Comercio al por Mayor y al por Menor,"GI. Comercio, alojamiento y comidas","(1.0, 1.0, 0.6, 1.0)","(1.0, 1.0, 0.6, 1.0)","(0.8768, 0.909, 0.6142, 1.0)",354737.4,354737.4,7.86,0.94,8.01,100.0,0.0,2.84,4.42,1.64,40.26,16.73,37.5
4804,4804,Comercio textiles y avíos,G. Comercio al por Mayor y al por Menor,"GI. Comercio, alojamiento y comidas","(1.0, 1.0, 0.6, 1.0)","(1.0, 1.0, 0.6, 1.0)","(0.8768, 0.909, 0.6142, 1.0)",542784.63,542784.63,8.1,0.9,8.24,100.0,0.0,0.04,5.1,1.88,38.27,17.38,33.0
4805,4805,Comercio de materiales de construcción,G. Comercio al por Mayor y al por Menor,"GI. Comercio, alojamiento y comidas","(1.0, 1.0, 0.6, 1.0)","(1.0, 1.0, 0.6, 1.0)","(0.8768, 0.909, 0.6142, 1.0)",46423.53,46423.53,8.83,0.5,8.75,100.0,0.0,0.0,5.25,2.01,42.4,13.57,46.5
4806,4806,Comercio de combustibles para vehículos,G. Comercio al por Mayor y al por Menor,"GI. Comercio, alojamiento y comidas","(1.0, 1.0, 0.6, 1.0)","(1.0, 1.0, 0.6, 1.0)","(0.8768, 0.909, 0.6142, 1.0)",32283.53,32283.53,8.85,0.78,8.84,100.0,0.0,5.24,5.06,1.4,40.0,16.38,37.0
4807,4807,Comercio mercaderías n.c.p.,G. Comercio al por Mayor y al por Menor,"GI. Comercio, alojamiento y comidas","(1.0, 1.0, 0.6, 1.0)","(1.0, 1.0, 0.6, 1.0)","(0.8768, 0.909, 0.6142, 1.0)",288839.51,288839.51,8.32,0.8,8.35,100.0,0.0,0.0,5.16,1.92,46.72,18.13,47.0
4808,4808,Tiendas no especializadas,G. Comercio al por Mayor y al por Menor,"GI. Comercio, alojamiento y comidas","(1.0, 1.0, 0.6, 1.0)","(1.0, 1.0, 0.6, 1.0)","(0.8768, 0.909, 0.6142, 1.0)",607068.36,607068.36,8.29,0.93,8.29,100.0,0.0,0.0,4.45,1.59,41.23,15.97,40.0
4809,4809,Tiendas no especializadas sin predomina,G. Comercio al por Mayor y al por Menor,"GI. Comercio, alojamiento y comidas","(1.0, 1.0, 0.6, 1.0)","(1.0, 1.0, 0.6, 1.0)","(0.8768, 0.909, 0.6142, 1.0)",61978.75,61978.75,8.33,1.01,8.02,100.0,0.0,0.0,5.93,2.16,39.84,13.84,38.5
4810,4810,Venta al por menor en puestos móviles y,G. Comercio al por Mayor y al por Menor,"GI. Comercio, alojamiento y comidas","(1.0, 1.0, 0.6, 1.0)","(1.0, 1.0, 0.6, 1.0)","(0.8768, 0.909, 0.6142, 1.0)",83123.48,83123.48,7.89,1.13,7.8,100.0,0.0,0.0,4.2,1.38,39.4,14.48,43.0
4811,4811,Venta al por menor por correo o televisión,G. Comercio al por Mayor y al por Menor,"GI. Comercio, alojamiento y comidas","(1.0, 1.0, 0.6, 1.0)","(1.0, 1.0, 0.6, 1.0)","(0.8768, 0.909, 0.6142, 1.0)",68753.37,68753.37,7.79,1.09,7.34,100.0,0.0,0.0,5.16,2.49,39.07,13.89,36.0
4900,4900,Transporte (general),H. Transporte y Almacenamiento,H. Transporte y Almacenamiento,"(0.2196078431372549, 0.4235294117647059, 0.6901960784313725, 1.0)","(0.2196, 0.4235, 0.6902, 1.0)","(0.2196, 0.4235, 0.6902, 1.0)",2380.0,2380.0,8.51,0.11,8.51,100.0,0.0,0.0,5.0,0.0,36.33,3.15,36.0
4901,4901,Transporte ferroviario,H. Transporte y Almacenamiento,H. Transporte y Almacenamiento,"(0.2196078431372549, 0.4235294117647059, 0.6901960784313725, 1.0)","(0.2196, 0.4235, 0.6902, 1.0)","(0.2196, 0.4235, 0.6902, 1.0)",3190.97,3190.97,9.21,0.0,9.21,100.0,0.0,86.34,4.0,0.0,53.0,0.0,53.0
4902,4902,Transporte por metro,H. Transporte y Almacenamiento,H. Transporte y Almacenamiento,"(0.2196078431372549, 0.4235294117647059, 0.6901960784313725, 1.0)","(0.2196, 0.4235, 0.6902, 1.0)","(0.2196, 0.4235, 0.6902, 1.0)",0.0,,,,,,,,,,,,
4903,4903,Transporte de pasajeros,H. Transporte y Almacenamiento,H. Transporte y Almacenamiento,"(0.2196078431372549, 0.4235294117647059, 0.6901960784313725, 1.0)","(0.2196, 0.4235, 0.6902, 1.0)","(0.2196, 0.4235, 0.6902, 1.0)",56528.72,56528.72,8.71,1.23,8.68,100.0,0.0,1.65,4.55,1.52,44.91,13.46,44.0
4904,4904,Transporte automotor de cargas,H. Transporte y Almacenamiento,H. Transporte y Almacenamiento,"(0.2196078431372549, 0.4235294117647059, 0.6901960784313725, 1.0)","(0.2196, 0.4235, 0.6902, 1.0)","(0.2196, 0.4235, 0.6902, 1.0)",23888.11,23888.11,9.0,0.91,8.59,100.0,0.0,0.0,5.25,2.22,42.01,14.77,41.0
4909,4909,Transporte terrestre n.c.p.,H. Transporte y Almacenamiento,H. Transporte y Almacenamiento,"(0.2196078431372549, 0.4235294117647059, 0.6901960784313725, 1.0)","(0.2196, 0.4235, 0.6902, 1.0)","(0.2196, 0.4235, 0.6902, 1.0)",0.0,,,,,,,,,,,,
5000,5000,Transporte por vía acuática,H. Transporte y Almacenamiento,H. Transporte y Almacenamiento,"(0.2196078431372549, 0.4235294117647059, 0.6901960784313725, 1.0)","(0.2196, 0.4235, 0.6902, 1.0)","(0.2196, 0.4235, 0.6902, 1.0)",1622.0,1622.0,8.99,0.0,8.99,100.0,0.0,65.66,6.97,1.42,28.81,6.65,31.0
5100,5100,Transporte aéreo,H. Transporte y Almacenamiento,H. Transporte y Almacenamiento,"(0.2196078431372549, 0.4235294117647059, 0.6901960784313725, 1.0)","(0.2196, 0.4235, 0.6902, 1.0)","(0.2196, 0.4235, 0.6902, 1.0)",50013.54,50013.54,9.06,0.72,8.85,100.0,0.0,7.03,5.48,2.37,49.22,16.08,49.0
5201,5201,Depósito y almacenamiento,H. Transporte y Almacenamiento,H. Transporte y Almacenamiento,"(0.2196078431372549, 0.4235294117647059, 0.6901960784313725, 1.0)","(0.2196, 0.4235, 0.6902, 1.0)","(0.2196, 0.4235, 0.6902, 1.0)",29564.0,29564.0,8.28,0.79,8.14,100.0,0.0,12.01,4.76,1.51,38.41,13.51,41.0
5202,5202,Servicios auxiliares al transporte,H. Transporte y Almacenamiento,H. Transporte y Almacenamiento,"(0.2196078431372549, 0.4235294117647059, 0.6901960784313725, 1.0)","(0.2196, 0.4235, 0.6902, 1.0)","(0.2196, 0.4235, 0.6902, 1.0)",20831.79,20831.79,8.53,0.77,8.04,100.0,0.0,22.45,5.73,2.14,33.29,15.06,37.0
5300,5300,Correo y servicio de mensajería,H. Transporte y Almacenamiento,H. Transporte y Almacenamiento,"(0.2196078431372549, 0.4235294117647059, 0.6901960784313725, 1.0)","(0.2196, 0.4235, 0.6902, 1.0)","(0.2196, 0.4235, 0.6902, 1.0)",30043.93,30043.93,8.63,0.8,8.62,100.0,0.0,7.27,6.8,2.58,40.63,11.76,41.0
5500,5500,"Servicios de alojamiento en hoteles, campamentos y otros hospedajes temporales",I. Alojamiento y Servicios de Comidas,"GI. Comercio, alojamiento y comidas","(0.2196078431372549, 0.4235294117647059, 0.6901960784313725, 1.0)","(0.2196, 0.4235, 0.6902, 1.0)","(0.8768, 0.909, 0.6142, 1.0)",81750.55,81750.55,8.38,0.91,8.41,100.0,0.0,10.35,4.11,1.31,45.37,21.68,43.5
5601,5601,Expendio comidas/bebidas,I. Alojamiento y Servicios de Comidas,"GI. Comercio, alojamiento y comidas","(0.2196078431372549, 0.4235294117647059, 0.6901960784313725, 1.0)","(0.2196, 0.4235, 0.6902, 1.0)","(0.8768, 0.909, 0.6142, 1.0)",700889.55,700889.55,8.09,0.99,8.04,100.0,0.0,3.11,4.81,1.89,36.38,16.41,30.0
5602,5602,Expendio comidas/bebidas,I. Alojamiento y Servicios de Comidas,"GI. Comercio, alojamiento y comidas","(0.2196078431372549, 0.4235294117647059, 0.6901960784313725, 1.0)","(0.2196, 0.4235, 0.6902, 1.0)","(0.8768, 0.909, 0.6142, 1.0)",18445.3,18445.3,8.2,0.33,8.16,100.0,0.0,0.0,3.45,1.35,35.96,13.51,42.0
5800,5800,"Edición de libros, periódicos y otras publicaciones",J. Información y Comunicación,"JKLMNOPQRS. Servicios, adm. pública, educación y salud","(0.2196078431372549, 0.4235294117647059, 0.6901960784313725, 1.0)","(0.5804, 0.2157, 0.5941, 1.0)","(0.6199, 0.3013, 0.3398, 1.0)",18861.11,18861.11,8.67,0.49,8.56,100.0,0.0,5.05,7.18,1.91,46.24,14.96,37.5
5900,5900,Actividades cinematográficas,J. Información y Comunicación,"JKLMNOPQRS. Servicios, adm. pública, educación y salud","(0.2196078431372549, 0.4235294117647059, 0.6901960784313725, 1.0)","(0.5804, 0.2157, 0.5941, 1.0)","(0.6199, 0.3013, 0.3398, 1.0)",10985.85,10985.85,8.69,0.52,8.37,100.0,0.0,27.97,8.26,1.71,49.39,15.3,39.0
6000,6000,Actividades de programación y difusión,J. Información y Comunicación,"JKLMNOPQRS. Servicios, adm. pública, educación y salud","(0.2196078431372549, 0.4235294117647059, 0.6901960784313725, 1.0)","(0.5804, 0.2157, 0.5941, 1.0)","(0.6199, 0.3013, 0.3398, 1.0)",10446.8,10446.8,8.69,0.94,8.29,100.0,0.0,17.54,5.64,1.26,48.76,13.44,41.5
6100,6100,Telecomunicaciones,J. Información y Comunicación,"JKLMNOPQRS. Servicios, adm. pública, educación y salud","(0.9411764705882353, 0.00784313725490196, 0.4980392156862745, 1.0)","(0.5804, 0.2157, 0.5941, 1.0)","(0.6199, 0.3013, 0.3398, 1.0)",82792.39,82792.39,8.64,0.55,8.67,100.0,0.0,10.01,5.87,1.75,41.45,21.49,35.0
6200,6200,Actividades de programación y consultoría informática,J. Información y Comunicación,"JKLMNOPQRS. Servicios, adm. pública, educación y salud","(0.9411764705882353, 0.00784313725490196, 0.4980392156862745, 1.0)","(0.5804, 0.2157, 0.5941, 1.0)","(0.6199, 0.3013, 0.3398, 1.0)",17098.53,17098.53,9.08,0.5,9.21,100.0,0.0,0.0,8.59,0.89,36.05,5.28,34.5
6300,6300,Actividades de servicios de información,J. Información y Comunicación,"JKLMNOPQRS. Servicios, adm. pública, educación y salud","(0.9411764705882353, 0.00784313725490196, 0.4980392156862745, 1.0)","(0.5804, 0.2157, 0.5941, 1.0)","(0.6199, 0.3013, 0.3398, 1.0)",31769.0,31769.0,8.88,0.36,9.06,100.0,0.0,74.9,6.76,1.36,29.19,14.15,33.5
6400,6400,Intermediación financiera,K. Actividades Financieras y de Seguros,"JKLMNOPQRS. Servicios, adm. pública, educación y salud","(0.9411764705882353, 0.00784313725490196, 0.4980392156862745, 1.0)","(0.9412, 0.0078, 0.498, 1.0)","(0.6199, 0.3013, 0.3398, 1.0)",109256.03,109256.03,9.05,0.64,9.12,100.0,0.0,21.12,6.66,1.74,42.03,15.06,42.0
6500,6500,"Seguros, reaseguros y fondos de pensiones",K. Actividades Financieras y de Seguros,"JKLMNOPQRS. Servicios, adm. pública, educación y salud","(0.9411764705882353, 0.00784313725490196, 0.4980392156862745, 1.0)","(0.9412, 0.0078, 0.498, 1.0)","(0.6199, 0.3013, 0.3398, 1.0)",56232.17,56232.17,8.74,0.48,8.99,100.0,0.0,5.85,6.41,1.77,39.44,14.92,42.0
6600,6600,Actividades auxiliares a los servicios,K. Actividades Financieras y de Seguros,"JKLMNOPQRS. Servicios, adm. pública, educación y salud","(0.9411764705882353, 0.00784313725490196, 0.4980392156862745, 1.0)","(0.9412, 0.0078, 0.498, 1.0)","(0.6199, 0.3013, 0.3398, 1.0)",0.0,,,,,,,,,,,,
6800,6800,Actividades inmobiliarias,L. Actividades Inmobiliarias,"JKLMNOPQRS. Servicios, adm. pública, educación y salud","(0.9411764705882353, 0.00784313725490196, 0.4980392156862745, 1.0)","(0.9412, 0.0078, 0.498, 1.0)","(0.6199, 0.3013, 0.3398, 1.0)",42417.04,42417.04,8.5,0.83,8.49,100.0,0.0,1.74,6.09,1.19,50.6,13.26,49.0
6900,6900,Actividades jurídicas y de contabilidad,"M. Actividades Profesionales, Científicas y Técnicas ","JKLMNOPQRS. Servicios, adm. pública, educación y salud","(0.9411764705882353, 0.00784313725490196, 0.4980392156862745, 1.0)","(0.8451, 0.1824, 0.2941, 1.0)","(0.6199, 0.3013, 0.3398, 1.0)",240479.68,240479.68,8.96,0.86,8.85,100.0,0.0,4.35,7.62,1.89,43.25,16.9,41.0
7000,7000,Actividades de servicios de consultoría,"M. Actividades Profesionales, Científicas y Técnicas ","JKLMNOPQRS. Servicios, adm. pública, educación y salud","(0.9411764705882353, 0.00784313725490196, 0.4980392156862745, 1.0)","(0.8451, 0.1824, 0.2941, 1.0)","(0.6199, 0.3013, 0.3398, 1.0)",7138.66,7138.66,8.69,0.52,8.91,100.0,0.0,10.42,8.2,1.91,37.78,12.78,34.0
7100,7100,Servicios de arquitectura e ingeniería,"M. Actividades Profesionales, Científicas y Técnicas ","JKLMNOPQRS. Servicios, adm. pública, educación y salud","(0.9411764705882353, 0.00784313725490196, 0.4980392156862745, 1.0)","(0.8451, 0.1824, 0.2941, 1.0)","(0.6199, 0.3013, 0.3398, 1.0)",38641.18,38641.18,9.28,0.54,9.36,100.0,0.0,29.35,8.73,0.63,42.57,12.84,41.0
7200,7200,Investigación y desarrollo,"M. Actividades Profesionales, Científicas y Técnicas ","JKLMNOPQRS. Servicios, adm. pública, educación y salud","(0.9411764705882353, 0.00784313725490196, 0.4980392156862745, 1.0)","(0.8451, 0.1824, 0.2941, 1.0)","(0.6199, 0.3013, 0.3398, 1.0)",45938.65,45938.65,9.59,0.53,9.53,100.0,0.0,79.28,8.39,1.3,43.96,10.68,46.0
7301,7301,Actividades publicitarias,"M. Actividades Profesionales, Científicas y Técnicas ","JKLMNOPQRS. Servicios, adm. pública, educación y salud","(0.7490196078431373, 0.3568627450980392, 0.09019607843137253, 1.0)","(0.8451, 0.1824, 0.2941, 1.0)","(0.6199, 0.3013, 0.3398, 1.0)",40757.78,40757.78,8.6,1.06,8.44,100.0,0.0,0.0,7.43,1.97,33.35,7.37,34.0
7302,7302,Investigación de mercados y encuestas de opinión pública,"M. Actividades Profesionales, Científicas y Técnicas ","JKLMNOPQRS. Servicios, adm. pública, educación y salud","(0.7490196078431373, 0.3568627450980392, 0.09019607843137253, 1.0)","(0.8451, 0.1824, 0.2941, 1.0)","(0.6199, 0.3013, 0.3398, 1.0)",4568.54,4568.54,8.1,0.58,8.39,100.0,0.0,0.0,8.72,0.45,34.34,10.28,39.5
7400,7400,"Otras actividades profesionales, científicas y técnicas","M. Actividades Profesionales, Científicas y Técnicas ","JKLMNOPQRS. Servicios, adm. pública, educación y salud","(0.7490196078431373, 0.3568627450980392, 0.09019607843137253, 1.0)","(0.8451, 0.1824, 0.2941, 1.0)","(0.6199, 0.3013, 0.3398, 1.0)",65453.13,65453.13,8.69,0.47,8.56,100.0,0.0,2.99,6.43,2.23,39.09,10.24,38.0
7500,7500,Actividades veterinarias,"M. Actividades Profesionales, Científicas y Técnicas ","JKLMNOPQRS. Servicios, adm. pública, educación y salud","(0.7490196078431373, 0.3568627450980392, 0.09019607843137253, 1.0)","(0.8451, 0.1824, 0.2941, 1.0)","(0.6199, 0.3013, 0.3398, 1.0)",17950.28,17950.28,9.15,0.99,9.07,100.0,0.0,21.38,8.25,1.17,40.29,12.69,35.0
7701,7701,Alquiler de efectos personales y domésticos,N. Actividades Administrativas y Servicios de Apoyo,"JKLMNOPQRS. Servicios, adm. pública, educación y salud","(0.7490196078431373, 0.3568627450980392, 0.09019607843137253, 1.0)","(0.749, 0.3569, 0.0902, 1.0)","(0.6199, 0.3013, 0.3398, 1.0)",4705.96,4705.96,8.66,1.29,8.92,100.0,0.0,0.0,7.4,0.49,26.4,0.49,26.5
7702,7702,Alquiler de vehículos de transporte,N. Actividades Administrativas y Servicios de Apoyo,"JKLMNOPQRS. Servicios, adm. pública, educación y salud","(0.7490196078431373, 0.3568627450980392, 0.09019607843137253, 1.0)","(0.749, 0.3569, 0.0902, 1.0)","(0.6199, 0.3013, 0.3398, 1.0)",0.0,,,,,,,,,,,,
7800,7800,Actividades relacionadas con el suministro de personal,N. Actividades Administrativas y Servicios de Apoyo,"JKLMNOPQRS. Servicios, adm. pública, educación y salud","(0.7490196078431373, 0.3568627450980392, 0.09019607843137253, 1.0)","(0.749, 0.3569, 0.0902, 1.0)","(0.6199, 0.3013, 0.3398, 1.0)",12040.91,12040.91,9.34,0.19,9.35,100.0,0.0,0.0,8.22,0.61,28.47,6.55,33.5
7900,7900,Agencias de viajes y operadores turísticos,N. Actividades Administrativas y Servicios de Apoyo,"JKLMNOPQRS. Servicios, adm. pública, educación y salud","(0.7490196078431373, 0.3568627450980392, 0.09019607843137253, 1.0)","(0.749, 0.3569, 0.0902, 1.0)","(0.6199, 0.3013, 0.3398, 1.0)",44784.3,44784.3,8.97,0.33,8.91,100.0,0.0,9.95,6.7,2.3,45.0,12.07,46.0
8000,8000,Actividades de investigación y seguridad,N. Actividades Administrativas y Servicios de Apoyo,"JKLMNOPQRS. Servicios, adm. pública, educación y salud","(0.7490196078431373, 0.3568627450980392, 0.09019607843137253, 1.0)","(0.749, 0.3569, 0.0902, 1.0)","(0.6199, 0.3013, 0.3398, 1.0)",14332.0,14332.0,8.62,0.95,8.64,100.0,0.0,12.27,5.16,2.42,30.03,6.03,33.0
8101,8101,Servicios de apoyo a edificios,N. Actividades Administrativas y Servicios de Apoyo,"JKLMNOPQRS. Servicios, adm. pública, educación y salud","(0.7490196078431373, 0.3568627450980392, 0.09019607843137253, 1.0)","(0.749, 0.3569, 0.0902, 1.0)","(0.6199, 0.3013, 0.3398, 1.0)",193872.76,193872.76,8.3,0.69,8.34,100.0,0.0,32.11,3.99,1.51,44.01,14.11,43.0
8102,8102,Servicios de paisajismo y jardinería,N. Actividades Administrativas y Servicios de Apoyo,"JKLMNOPQRS. Servicios, adm. pública, educación y salud","(0.7490196078431373, 0.3568627450980392, 0.09019607843137253, 1.0)","(0.749, 0.3569, 0.0902, 1.0)","(0.6199, 0.3013, 0.3398, 1.0)",20410.12,20410.12,8.58,0.97,7.74,100.0,0.0,25.06,5.76,2.29,46.12,11.27,46.0
8200,8200,Actividades administrativas de oficinas,N. Actividades Administrativas y Servicios de Apoyo,"JKLMNOPQRS. Servicios, adm. pública, educación y salud","(0.7490196078431373, 0.3568627450980392, 0.09019607843137253, 1.0)","(0.749, 0.3569, 0.0902, 1.0)","(0.6199, 0.3013, 0.3398, 1.0)",119742.46,119742.46,8.51,0.84,8.37,100.0,0.0,1.77,5.46,2.18,42.31,14.66,40.0
8400,8400,Administración Pública y Defensa; Planes de Seguro Social Obligatorio,O. Administración Pública y Defensa,"JKLMNOPQRS. Servicios, adm. pública, educación y salud","(0.7490196078431373, 0.3568627450980392, 0.09019607843137253, 1.0)","(0.749, 0.3569, 0.0902, 1.0)","(0.6199, 0.3013, 0.3398, 1.0)",3196.0,3196.0,8.74,0.95,8.75,100.0,0.0,100.0,6.34,1.14,58.17,12.26,59.5
8401,8401,Administración pública,O. Administración Pública y Defensa,"JKLMNOPQRS. Servicios, adm. pública, educación y salud","(0.7490196078431373, 0.3568627450980392, 0.09019607843137253, 1.0)","(0.749, 0.3569, 0.0902, 1.0)","(0.6199, 0.3013, 0.3398, 1.0)",632412.11,632412.11,8.83,0.87,8.7,100.0,0.0,98.8,6.46,2.08,47.15,16.69,44.0
8402,8402,Seguridad pública,O. Administración Pública y Defensa,"JKLMNOPQRS. Servicios, adm. pública, educación y salud","(0.7490196078431373, 0.3568627450980392, 0.09019607843137253, 1.0)","(0.749, 0.3569, 0.0902, 1.0)","(0.6199, 0.3013, 0.3398, 1.0)",140369.89,140369.89,8.89,0.83,9.15,100.0,0.0,94.8,6.51,1.7,37.93,12.72,34.0
8403,8403,Servicios de la seguridad social obligatoria,O. Administración Pública y Defensa,"JKLMNOPQRS. Servicios, adm. pública, educación y salud","(0.7490196078431373, 0.3568627450980392, 0.09019607843137253, 1.0)","(0.749, 0.3569, 0.0902, 1.0)","(0.6199, 0.3013, 0.3398, 1.0)",2841.77,2841.77,,,,100.0,0.0,100.0,,,,,
8501,8501,Enseñanza,P. Enseñanza,"JKLMNOPQRS. Servicios, adm. pública, educación y salud","(0.4, 0.4, 0.4, 1.0)","(0.4, 0.4, 0.4, 1.0)","(0.6199, 0.3013, 0.3398, 1.0)",2081591.74,2081591.74,8.76,0.74,8.7,100.0,0.0,76.99,6.85,1.65,48.25,15.48,48.0
8509,8509,Otros tipos de enseñanza,P. Enseñanza,"JKLMNOPQRS. Servicios, adm. pública, educación y salud","(0.4, 0.4, 0.4, 1.0)","(0.4, 0.4, 0.4, 1.0)","(0.6199, 0.3013, 0.3398, 1.0)",141741.88,141741.88,8.43,1.17,8.68,100.0,0.0,11.61,7.22,1.57,38.7,14.5,34.0
8600,8600,Atención de la salud,Q. Salud Humana y Servicios Sociales,"JKLMNOPQRS. Servicios, adm. pública, educación y salud","(0.4, 0.4, 0.4, 1.0)","(0.4, 0.4, 0.4, 1.0)","(0.6199, 0.3013, 0.3398, 1.0)",1089465.69,1089465.69,8.75,0.86,8.7,100.0,0.0,45.11,6.71,2.17,48.51,16.38,48.0
8700,8700,Asistencia social,Q. Salud Humana y Servicios Sociales,"JKLMNOPQRS. Servicios, adm. pública, educación y salud","(0.4, 0.4, 0.4, 1.0)","(0.4, 0.4, 0.4, 1.0)","(0.6199, 0.3013, 0.3398, 1.0)",201510.91,201510.91,8.36,0.61,8.29,100.0,0.0,22.69,4.02,1.95,51.31,17.61,47.0
8800,8800,Servicios sociales sin alojamiento,Q. Salud Humana y Servicios Sociales,"JKLMNOPQRS. Servicios, adm. pública, educación y salud","(0.4, 0.4, 0.4, 1.0)","(0.4, 0.4, 0.4, 1.0)","(0.6199, 0.3013, 0.3398, 1.0)",172806.87,172806.87,8.44,0.72,8.19,100.0,0.0,44.42,5.86,1.96,45.53,13.99,44.0
9000,9000,Actividades artísticas y de espectáculo,"R. Artes, Entretenimiento y Recreación ","JKLMNOPQRS. Servicios, adm. pública, educación y salud","(0.4, 0.4, 0.4, 1.0)","(0.4, 0.4, 0.4, 1.0)","(0.6199, 0.3013, 0.3398, 1.0)",45207.56,45207.56,8.49,0.72,8.4,100.0,0.0,27.61,5.97,2.1,53.68,23.69,49.5
9100,9100,Actividades de bibliotecas y archivos,"R. Artes, Entretenimiento y Recreación ","JKLMNOPQRS. Servicios, adm. pública, educación y salud","(0.4, 0.4, 0.4, 1.0)","(0.4, 0.4, 0.4, 1.0)","(0.6199, 0.3013, 0.3398, 1.0)",22789.93,22789.93,8.98,0.61,8.98,100.0,0.0,82.52,6.09,1.32,38.28,9.92,41.0
9200,9200,Actividades de juegos de azar y apuesta,"R. Artes, Entretenimiento y Recreación ","JKLMNOPQRS. Servicios, adm. pública, educación y salud","(0.4, 0.4, 0.4, 1.0)","(0.4, 0.4, 0.4, 1.0)","(0.6199, 0.3013, 0.3398, 1.0)",64887.93,64887.93,8.54,0.84,8.59,100.0,0.0,1.77,4.8,1.38,32.82,11.88,33.0
9301,9301,Actividades para la práctica deportiva,"R. Artes, Entretenimiento y Recreación ","JKLMNOPQRS. Servicios, adm. pública, educación y salud","(0.4, 0.4, 0.4, 1.0)","(0.4, 0.4, 0.4, 1.0)","(0.6199, 0.3013, 0.3398, 1.0)",48649.77,48649.77,8.61,0.52,8.63,100.0,0.0,25.64,5.55,2.13,43.78,19.19,40.0
9302,9302,Actividades de entretenimiento n.c.p.,"R. Artes, Entretenimiento y Recreación ","JKLMNOPQRS. Servicios, adm. pública, educación y salud","(0.4, 0.4, 0.4, 1.0)","(0.4, 0.4, 0.4, 1.0)","(0.6199, 0.3013, 0.3398, 1.0)",63859.91,63859.91,7.94,0.61,8.01,100.0,0.0,5.3,5.27,1.82,32.83,10.43,32.0
9401,9401,Actividades de organizaciones empresariales y de empleadores,S. Otras Actividades de Servicios,"JKLMNOPQRS. Servicios, adm. pública, educación y salud","(0.4, 0.4, 0.4, 1.0)","(0.4, 0.4, 0.4, 1.0)","(0.6199, 0.3013, 0.3398, 1.0)",10778.51,10778.51,9.1,0.13,9.21,100.0,0.0,61.91,7.69,1.67,38.39,14.64,47.0
9402,9402,Actividades de sindicatos,S. Otras Actividades de Servicios,"JKLMNOPQRS. Servicios, adm. pública, educación y salud","(0.4, 0.4, 0.4, 1.0)","(0.4, 0.4, 0.4, 1.0)","(0.6199, 0.3013, 0.3398, 1.0)",16391.49,16391.49,9.06,0.3,8.7,100.0,0.0,11.99,5.89,1.33,53.42,17.54,49.0
9409,9409,Actividades de asociaciones n.c.p.,S. Otras Actividades de Servicios,"JKLMNOPQRS. Servicios, adm. pública, educación y salud","(0.4, 0.4, 0.4, 1.0)","(0.4, 0.4, 0.4, 1.0)","(0.6199, 0.3013, 0.3398, 1.0)",50509.14,50509.14,8.15,0.67,7.99,100.0,0.0,13.13,5.98,1.95,41.41,18.21,35.0
9501,9501,Reparación de equipos informáticos,S. Otras Actividades de Servicios,"JKLMNOPQRS. Servicios, adm. pública, educación y salud","(0.4, 0.4, 0.4, 1.0)","(0.4, 0.4, 0.4, 1.0)","(0.6199, 0.3013, 0.3398, 1.0)",1586.35,1586.35,8.59,0.0,8.59,100.0,0.0,0.0,5.0,0.0,51.0,0.0,51.0
9502,9502,Reparación de equipos de comunicación,S. Otras Actividades de Servicios,"JKLMNOPQRS. Servicios, adm. pública, educación y salud","(0.4, 0.4, 0.4, 1.0)","(0.4, 0.4, 0.4, 1.0)","(0.6199, 0.3013, 0.3398, 1.0)",1427.0,1427.0,,,,100.0,0.0,0.0,4.0,0.0,18.0,0.0,18.0
9503,9503,Reparación de efectos de uso personal y doméstico,S. Otras Actividades de Servicios,"JKLMNOPQRS. Servicios, adm. pública, educación y salud","(0.4, 0.4, 0.4, 1.0)","(0.4, 0.4, 0.4, 1.0)","(0.6199, 0.3013, 0.3398, 1.0)",161372.52,161372.52,8.3,0.75,8.01,100.0,0.0,1.42,4.41,1.83,55.24,17.64,55.0
9601,9601,Lavado y limpieza de artículos de tela,S. Otras Actividades de Servicios,"JKLMNOPQRS. Servicios, adm. pública, educación y salud","(0.4, 0.4, 0.4, 1.0)","(0.4, 0.4, 0.4, 1.0)","(0.6199, 0.3013, 0.3398, 1.0)",41332.85,41332.85,7.68,1.0,7.98,100.0,0.0,3.73,3.66,2.23,49.03,15.47,51.0
9602,9602,Servicios de peluquería y tratamientos,S. Otras Actividades de Servicios,"JKLMNOPQRS. Servicios, adm. pública, educación y salud","(0.4, 0.4, 0.4, 1.0)","(0.4, 0.4, 0.4, 1.0)","(0.6199, 0.3013, 0.3398, 1.0)",302871.11,302871.11,8.16,0.83,8.09,100.0,0.0,0.13,4.58,1.65,46.01,15.91,43.0
9603,9603,Pompas fúnebres y servicios conexos,S. Otras Actividades de Servicios,"JKLMNOPQRS. Servicios, adm. pública, educación y salud","(0.4, 0.4, 0.4, 1.0)","(0.4, 0.4, 0.4, 1.0)","(0.6199, 0.3013, 0.3398, 1.0)",10557.14,10557.14,8.57,0.45,8.68,100.0,0.0,27.13,5.57,2.29,61.59,17.3,61.0
9609,9609,Servicios personales n.c.p.,S. Otras Actividades de Servicios,"JKLMNOPQRS. Servicios, adm. pública, educación y salud","(0.4, 0.4, 0.4, 1.0)","(0.4, 0.4, 0.4, 1.0)","(0.6199, 0.3013, 0.3398, 1.0)",30515.87,30515.87,8.02,0.71,8.37,100.0,0.0,0.0,4.24,1.14,43.48,17.96,50.5
9700,9700,Actividades de hogares,T. Actividades de los Hogares como Empleadores de Personal Doméstico,T. Empleo doméstico,"(0.4, 0.4, 0.4, 1.0)","(0.4, 0.4, 0.4, 1.0)","(0.4, 0.4, 0.4, 1.0)",3268991.31,3268991.31,7.88,0.9,7.92,100.0,0.0,0.53,3.65,1.5,44.54,16.82,44.0
