v182caes,caeslabel,caesletra,caesag,caeslabel_color,caesletra_color,caesag_color,n_obs,total_workers_weighted,income_mean,income_std,income_median,female_pct,male_pct,public_sector_pct,nivel_ed_mean,nivel_ed_std,age_mean,age_std,age_median
100,Cultivos agrícolas,"A. Agricultura, Ganadería, Caza, Silvicultura y Pesca","A. Agricultura, Ganadería, Caza, Silvicultura y Pesca","(0.4980392156862745, 0.788235294117647, 0.4980392156862745, 1.0)","(0.498, 0.7882, 0.498, 1.0)","(0.498, 0.7882, 0.498, 1.0)",7.0,7.0,8.95,0.7,8.99,14.29,85.71,0.0,5.14,2.03,52.29,11.34,56.0
101,Cultivos agrícolas,"A. Agricultura, Ganadería, Caza, Silvicultura y Pesca","A. Agricultura, Ganadería, Caza, Silvicultura y Pesca","(0.4980392156862745, 0.788235294117647, 0.4980392156862745, 1.0)","(0.498, 0.7882, 0.498, 1.0)","(0.498, 0.7882, 0.498, 1.0)",348.0,348.0,8.04,0.76,8.01,26.15,73.85,3.74,3.49,1.73,48.19,21.38,45.0
102,Cría de animales,"A. Agricultura, Ganadería, Caza, Silvicultura y Pesca","A. Agricultura, Ganadería, Caza, Silvicultura y Pesca","(0.4980392156862745, 0.788235294117647, 0.4980392156862745, 1.0)","(0.498, 0.7882, 0.498, 1.0)","(0.498, 0.7882, 0.498, 1.0)",90.0,90.0,8.39,0.82,8.4,21.11,78.89,1.11,3.52,1.84,51.5,21.52,51.0
103,Cultivo de productos agrícolas,"A. Agricultura, Ganadería, Caza, Silvicultura y Pesca","A. Agricultura, Ganadería, Caza, Silvicultura y Pesca","(0.4980392156862745, 0.788235294117647, 0.4980392156862745, 1.0)","(0.498, 0.7882, 0.498, 1.0)","(0.498, 0.7882, 0.498, 1.0)",38.0,38.0,8.54,1.01,8.7,10.53,89.47,2.63,4.47,2.22,50.34,22.39,51.0
104,Servicios agrícolas y pecuarios,"A. Agricultura, Ganadería, Caza, Silvicultura y Pesca","A. Agricultura, Ganadería, Caza, Silvicultura y Pesca","(0.4980392156862745, 0.788235294117647, 0.4980392156862745, 1.0)","(0.498, 0.7882, 0.498, 1.0)","(0.498, 0.7882, 0.498, 1.0)",15.0,15.0,8.5,1.23,8.75,13.33,86.67,6.67,4.67,2.52,39.53,11.63,37.0
105,Caza y servicios de apoyo,"A. Agricultura, Ganadería, Caza, Silvicultura y Pesca","A. Agricultura, Ganadería, Caza, Silvicultura y Pesca","(0.4980392156862745, 0.788235294117647, 0.4980392156862745, 1.0)","(0.498, 0.7882, 0.498, 1.0)","(0.498, 0.7882, 0.498, 1.0)",0.0,,,,,,,,,,,,
200,"Silvicultura, extracción de madera y actividades conexas","A. Agricultura, Ganadería, Caza, Silvicultura y Pesca","A. Agricultura, Ganadería, Caza, Silvicultura y Pesca","(0.4980392156862745, 0.788235294117647, 0.4980392156862745, 1.0)","(0.498, 0.7882, 0.498, 1.0)","(0.498, 0.7882, 0.498, 1.0)",12.0,12.0,8.34,0.76,8.32,16.67,83.33,16.67,4.17,2.3,42.42,17.96,42.5
300,Pesca y acuicultura,"A. Agricultura, Ganadería, Caza, Silvicultura y Pesca","A. Agricultura, Ganadería, Caza, Silvicultura y Pesca","(0.4980392156862745, 0.788235294117647, 0.4980392156862745, 1.0)","(0.498, 0.7882, 0.498, 1.0)","(0.498, 0.7882, 0.498, 1.0)",10.0,10.0,8.29,0.85,8.28,10.0,90.0,0.0,4.2,1.6,47.1,20.72,42.0
500,Extracción de carbón y lignito,B. Explotación de Minas y Canteras,"BCDEF. Minería, Industria, Electricidad, Saneamiento y Construcción","(0.4980392156862745, 0.788235294117647, 0.4980392156862745, 1.0)","(0.498, 0.7882, 0.498, 1.0)","(0.7996, 0.7542, 0.6306, 1.0)",1.0,1.0,8.75,0.0,8.75,0.0,100.0,0.0,4.0,0.0,27.0,0.0,27.0
600,Extracción de petróleo crudo y gas natural,B. Explotación de Minas y Canteras,"BCDEF. Minería, Industria, Electricidad, Saneamiento y Construcción","(0.4980392156862745, 0.788235294117647, 0.4980392156862745, 1.0)","(0.498, 0.7882, 0.498, 1.0)","(0.7996, 0.7542, 0.6306, 1.0)",52.0,52.0,9.71,0.9,9.82,3.85,96.15,13.46,4.85,2.13,48.17,17.41,44.0
700,Extracción de minerales metalíferos,B. Explotación de Minas y Canteras,"BCDEF. Minería, Industria, Electricidad, Saneamiento y Construcción","(0.4980392156862745, 0.788235294117647, 0.4980392156862745, 1.0)","(0.498, 0.7882, 0.498, 1.0)","(0.7996, 0.7542, 0.6306, 1.0)",1.0,1.0,8.01,0.0,8.01,0.0,100.0,0.0,9.0,0.0,39.0,0.0,39.0
800,Explotación de otras minas y canteras,B. Explotación de Minas y Canteras,"BCDEF. Minería, Industria, Electricidad, Saneamiento y Construcción","(0.4980392156862745, 0.788235294117647, 0.4980392156862745, 1.0)","(0.498, 0.7882, 0.498, 1.0)","(0.7996, 0.7542, 0.6306, 1.0)",22.0,22.0,8.6,0.7,8.64,9.09,90.91,0.0,4.14,1.71,50.86,18.44,51.0
900,Actividades de Apoyo a la Explotación de Minas y Canteras,B. Explotación de Minas y Canteras,"BCDEF. Minería, Industria, Electricidad, Saneamiento y Construcción","(0.4980392156862745, 0.788235294117647, 0.4980392156862745, 1.0)","(0.498, 0.7882, 0.498, 1.0)","(0.7996, 0.7542, 0.6306, 1.0)",14.0,14.0,9.87,0.79,10.05,7.14,92.86,7.14,5.21,1.74,36.71,7.03,36.0
1000,Industria manufacturera (general),C. Industria Manufacturera,"BCDEF. Minería, Industria, Electricidad, Saneamiento y Construcción","(0.4980392156862745, 0.788235294117647, 0.4980392156862745, 1.0)","(0.8026, 0.7275, 0.6562, 1.0)","(0.7996, 0.7542, 0.6306, 1.0)",35.0,35.0,8.95,0.71,8.89,25.71,74.29,0.0,4.31,1.7,51.29,17.95,47.0
1001,Producción y procesamiento de carne,C. Industria Manufacturera,"BCDEF. Minería, Industria, Electricidad, Saneamiento y Construcción","(0.4980392156862745, 0.788235294117647, 0.4980392156862745, 1.0)","(0.8026, 0.7275, 0.6562, 1.0)","(0.7996, 0.7542, 0.6306, 1.0)",102.0,102.0,8.64,0.69,8.57,23.53,76.47,0.98,3.75,1.56,44.31,18.89,40.5
1002,"Preparación de frutas, hortalizas y legumbres",C. Industria Manufacturera,"BCDEF. Minería, Industria, Electricidad, Saneamiento y Construcción","(0.4980392156862745, 0.788235294117647, 0.4980392156862745, 1.0)","(0.8026, 0.7275, 0.6562, 1.0)","(0.7996, 0.7542, 0.6306, 1.0)",30.0,30.0,8.38,0.92,8.46,46.67,53.33,0.0,3.93,1.71,53.6,18.68,54.0
1003,Elaboración de productos lácteos,C. Industria Manufacturera,"BCDEF. Minería, Industria, Electricidad, Saneamiento y Construcción","(0.4980392156862745, 0.788235294117647, 0.4980392156862745, 1.0)","(0.8026, 0.7275, 0.6562, 1.0)","(0.7996, 0.7542, 0.6306, 1.0)",13.0,13.0,9.27,0.6,9.35,7.69,92.31,0.0,4.62,1.73,44.08,20.17,37.0
1009,Elaboración de productos alimenticios,C. Industria Manufacturera,"BCDEF. Minería, Industria, Electricidad, Saneamiento y Construcción","(0.4980392156862745, 0.788235294117647, 0.4980392156862745, 1.0)","(0.8026, 0.7275, 0.6562, 1.0)","(0.7996, 0.7542, 0.6306, 1.0)",291.0,291.0,8.32,0.88,8.41,43.99,56.01,0.0,4.37,1.79,41.43,17.99,39.0
1100,Elaboración de bebidas,C. Industria Manufacturera,"BCDEF. Minería, Industria, Electricidad, Saneamiento y Construcción","(0.4980392156862745, 0.788235294117647, 0.4980392156862745, 1.0)","(0.8026, 0.7275, 0.6562, 1.0)","(0.7996, 0.7542, 0.6306, 1.0)",70.0,70.0,8.54,0.78,8.59,17.14,82.86,0.0,4.49,1.67,49.36,19.29,47.0
1200,Elaboración de Productos de Tabaco,C. Industria Manufacturera,"BCDEF. Minería, Industria, Electricidad, Saneamiento y Construcción","(0.4980392156862745, 0.788235294117647, 0.4980392156862745, 1.0)","(0.8026, 0.7275, 0.6562, 1.0)","(0.7996, 0.7542, 0.6306, 1.0)",3.0,3.0,7.99,0.7,7.5,0.0,100.0,0.0,4.33,1.89,45.67,6.24,44.0
1300,Fabricación de productos textiles,C. Industria Manufacturera,"BCDEF. Minería, Industria, Electricidad, Saneamiento y Construcción","(0.7450980392156863, 0.6823529411764706, 0.8313725490196079, 1.0)","(0.8026, 0.7275, 0.6562, 1.0)","(0.7996, 0.7542, 0.6306, 1.0)",66.0,66.0,8.4,0.99,8.53,56.06,43.94,4.55,4.02,1.58,51.67,19.67,50.0
1400,Confección de prendas de vestir,C. Industria Manufacturera,"BCDEF. Minería, Industria, Electricidad, Saneamiento y Construcción","(0.7450980392156863, 0.6823529411764706, 0.8313725490196079, 1.0)","(0.8026, 0.7275, 0.6562, 1.0)","(0.7996, 0.7542, 0.6306, 1.0)",198.0,198.0,8.26,0.86,8.36,77.27,22.73,3.54,4.09,1.73,58.63,19.62,60.0
1501,Curtido y terminación de cueros,C. Industria Manufacturera,"BCDEF. Minería, Industria, Electricidad, Saneamiento y Construcción","(0.7450980392156863, 0.6823529411764706, 0.8313725490196079, 1.0)","(0.8026, 0.7275, 0.6562, 1.0)","(0.7996, 0.7542, 0.6306, 1.0)",22.0,22.0,8.54,0.44,8.52,40.91,59.09,4.55,4.27,1.71,50.64,18.01,52.0
1502,Fabricación de calzado y sus partes,C. Industria Manufacturera,"BCDEF. Minería, Industria, Electricidad, Saneamiento y Construcción","(0.7450980392156863, 0.6823529411764706, 0.8313725490196079, 1.0)","(0.8026, 0.7275, 0.6562, 1.0)","(0.7996, 0.7542, 0.6306, 1.0)",57.0,57.0,8.27,0.78,8.24,45.61,54.39,5.26,4.0,1.34,42.68,19.49,37.0
1600,Producción de madera y materiales de construcción,C. Industria Manufacturera,"BCDEF. Minería, Industria, Electricidad, Saneamiento y Construcción","(0.7450980392156863, 0.6823529411764706, 0.8313725490196079, 1.0)","(0.8026, 0.7275, 0.6562, 1.0)","(0.7996, 0.7542, 0.6306, 1.0)",65.0,65.0,8.31,1.0,8.52,10.77,89.23,9.23,3.52,1.76,42.22,18.04,40.0
1700,Fabricación de papel y productos de papel,C. Industria Manufacturera,"BCDEF. Minería, Industria, Electricidad, Saneamiento y Construcción","(0.7450980392156863, 0.6823529411764706, 0.8313725490196079, 1.0)","(0.8026, 0.7275, 0.6562, 1.0)","(0.7996, 0.7542, 0.6306, 1.0)",23.0,23.0,8.78,0.72,8.7,34.78,65.22,0.0,4.39,1.61,49.83,17.5,43.0
1800,Actividades de impresión,C. Industria Manufacturera,"BCDEF. Minería, Industria, Electricidad, Saneamiento y Construcción","(0.7450980392156863, 0.6823529411764706, 0.8313725490196079, 1.0)","(0.8026, 0.7275, 0.6562, 1.0)","(0.7996, 0.7542, 0.6306, 1.0)",37.0,37.0,8.82,0.58,8.91,24.32,75.68,5.41,5.19,1.66,40.81,16.51,37.0
1900,Fabricación de coque y de productos de la refinación del petróleo,C. Industria Manufacturera,"BCDEF. Minería, Industria, Electricidad, Saneamiento y Construcción","(0.7450980392156863, 0.6823529411764706, 0.8313725490196079, 1.0)","(0.8026, 0.7275, 0.6562, 1.0)","(0.7996, 0.7542, 0.6306, 1.0)",1.0,1.0,,,,0.0,100.0,0.0,2.0,0.0,55.0,0.0,55.0
1902,Fabricación de productos de la refinación del petróleo,C. Industria Manufacturera,"BCDEF. Minería, Industria, Electricidad, Saneamiento y Construcción","(0.7450980392156863, 0.6823529411764706, 0.8313725490196079, 1.0)","(0.8026, 0.7275, 0.6562, 1.0)","(0.7996, 0.7542, 0.6306, 1.0)",14.0,14.0,9.06,0.92,9.21,7.14,92.86,35.71,6.0,2.0,44.29,16.28,38.0
2000,Fabricación de Sustancias y Productos Químicos,C. Industria Manufacturera,"BCDEF. Minería, Industria, Electricidad, Saneamiento y Construcción","(0.7450980392156863, 0.6823529411764706, 0.8313725490196079, 1.0)","(0.8026, 0.7275, 0.6562, 1.0)","(0.7996, 0.7542, 0.6306, 1.0)",13.0,13.0,8.98,0.75,8.99,7.69,92.31,23.08,5.31,2.43,51.0,17.2,53.0
2001,Fabricación de pinturas y barnices,C. Industria Manufacturera,"BCDEF. Minería, Industria, Electricidad, Saneamiento y Construcción","(0.7450980392156863, 0.6823529411764706, 0.8313725490196079, 1.0)","(0.8026, 0.7275, 0.6562, 1.0)","(0.7996, 0.7542, 0.6306, 1.0)",5.0,5.0,8.63,0.98,8.92,0.0,100.0,0.0,4.6,2.58,47.2,17.83,42.0
2002,Fabricación de jabones y detergentes,C. Industria Manufacturera,"BCDEF. Minería, Industria, Electricidad, Saneamiento y Construcción","(0.7450980392156863, 0.6823529411764706, 0.8313725490196079, 1.0)","(0.8026, 0.7275, 0.6562, 1.0)","(0.7996, 0.7542, 0.6306, 1.0)",11.0,11.0,8.83,0.68,8.83,45.45,54.55,9.09,5.18,2.85,49.27,22.76,43.0
2009,Fabricación de otros productos químicos n.c.p.,C. Industria Manufacturera,"BCDEF. Minería, Industria, Electricidad, Saneamiento y Construcción","(0.7450980392156863, 0.6823529411764706, 0.8313725490196079, 1.0)","(0.8026, 0.7275, 0.6562, 1.0)","(0.7996, 0.7542, 0.6306, 1.0)",18.0,18.0,9.04,0.98,9.05,16.67,83.33,11.11,5.0,2.52,51.11,15.17,51.0
2100,Fabricación de productos farmacéuticos,C. Industria Manufacturera,"BCDEF. Minería, Industria, Electricidad, Saneamiento y Construcción","(0.7450980392156863, 0.6823529411764706, 0.8313725490196079, 1.0)","(0.8026, 0.7275, 0.6562, 1.0)","(0.7996, 0.7542, 0.6306, 1.0)",30.0,30.0,8.89,0.71,8.99,43.33,56.67,6.67,6.4,2.18,45.97,17.68,44.0
2201,Fabricación de productos de caucho,C. Industria Manufacturera,"BCDEF. Minería, Industria, Electricidad, Saneamiento y Construcción","(0.7450980392156863, 0.6823529411764706, 0.8313725490196079, 1.0)","(0.8026, 0.7275, 0.6562, 1.0)","(0.7996, 0.7542, 0.6306, 1.0)",7.0,7.0,9.01,0.24,9.0,14.29,85.71,0.0,3.57,0.9,38.71,13.4,33.0
2202,Fabricación de productos de plástico,C. Industria Manufacturera,"BCDEF. Minería, Industria, Electricidad, Saneamiento y Construcción","(0.7450980392156863, 0.6823529411764706, 0.8313725490196079, 1.0)","(0.8026, 0.7275, 0.6562, 1.0)","(0.7996, 0.7542, 0.6306, 1.0)",43.0,43.0,8.75,0.74,8.7,20.93,79.07,2.33,4.6,1.73,46.16,17.14,44.0
2301,Fabricación de vidrio,C. Industria Manufacturera,"BCDEF. Minería, Industria, Electricidad, Saneamiento y Construcción","(0.7450980392156863, 0.6823529411764706, 0.8313725490196079, 1.0)","(0.8026, 0.7275, 0.6562, 1.0)","(0.7996, 0.7542, 0.6306, 1.0)",12.0,12.0,8.5,0.79,8.85,8.33,91.67,0.0,5.33,2.43,43.0,22.58,32.0
2309,Fabricación de productos minerales no metálicos,C. Industria Manufacturera,"BCDEF. Minería, Industria, Electricidad, Saneamiento y Construcción","(0.7450980392156863, 0.6823529411764706, 0.8313725490196079, 1.0)","(0.8026, 0.7275, 0.6562, 1.0)","(0.7996, 0.7542, 0.6306, 1.0)",74.0,74.0,8.27,1.09,8.52,10.96,89.04,2.7,3.97,1.92,42.99,19.92,38.0
2400,Fabricación de metales,C. Industria Manufacturera,"BCDEF. Minería, Industria, Electricidad, Saneamiento y Construcción","(0.7450980392156863, 0.6823529411764706, 0.8313725490196079, 1.0)","(0.8026, 0.7275, 0.6562, 1.0)","(0.7996, 0.7542, 0.6306, 1.0)",42.0,42.0,8.6,0.61,8.7,11.9,88.1,9.52,4.33,1.94,53.0,17.55,53.0
2500,Fabricación de productos elaborados de metal,C. Industria Manufacturera,"BCDEF. Minería, Industria, Electricidad, Saneamiento y Construcción","(0.9921568627450981, 0.7529411764705882, 0.5254901960784314, 1.0)","(0.8026, 0.7275, 0.6562, 1.0)","(0.7996, 0.7542, 0.6306, 1.0)",204.0,204.0,8.58,0.73,8.59,9.8,90.2,3.92,4.48,1.78,46.13,18.13,45.5
2601,Fabricación de componentes electrónicos,C. Industria Manufacturera,"BCDEF. Minería, Industria, Electricidad, Saneamiento y Construcción","(0.9921568627450981, 0.7529411764705882, 0.5254901960784314, 1.0)","(0.8026, 0.7275, 0.6562, 1.0)","(0.7996, 0.7542, 0.6306, 1.0)",5.0,5.0,9.11,0.26,9.23,80.0,20.0,0.0,6.4,2.8,52.2,16.15,54.0
2602,Fabricación de equipos informáticos y periféricos,C. Industria Manufacturera,"BCDEF. Minería, Industria, Electricidad, Saneamiento y Construcción","(0.9921568627450981, 0.7529411764705882, 0.5254901960784314, 1.0)","(0.8026, 0.7275, 0.6562, 1.0)","(0.7996, 0.7542, 0.6306, 1.0)",1.0,1.0,,,,100.0,0.0,0.0,7.0,0.0,34.0,0.0,34.0
2603,Fabricación de equipos y aparatos de radio,C. Industria Manufacturera,"BCDEF. Minería, Industria, Electricidad, Saneamiento y Construcción","(0.9921568627450981, 0.7529411764705882, 0.5254901960784314, 1.0)","(0.8026, 0.7275, 0.6562, 1.0)","(0.7996, 0.7542, 0.6306, 1.0)",3.0,3.0,10.31,0.0,10.31,66.67,33.33,0.0,6.67,1.25,48.33,6.94,45.0
2604,"Fabricación de equipos electromédicos, ópticos y de precisión ",C. Industria Manufacturera,"BCDEF. Minería, Industria, Electricidad, Saneamiento y Construcción","(0.9921568627450981, 0.7529411764705882, 0.5254901960784314, 1.0)","(0.8026, 0.7275, 0.6562, 1.0)","(0.7996, 0.7542, 0.6306, 1.0)",1.0,1.0,8.68,0.0,8.68,0.0,100.0,0.0,4.0,0.0,72.0,0.0,72.0
2700,Fabricación de Maquinaria y Equipos Eléctricos,C. Industria Manufacturera,"BCDEF. Minería, Industria, Electricidad, Saneamiento y Construcción","(0.9921568627450981, 0.7529411764705882, 0.5254901960784314, 1.0)","(0.8026, 0.7275, 0.6562, 1.0)","(0.7996, 0.7542, 0.6306, 1.0)",3.0,3.0,8.95,0.18,9.05,0.0,100.0,0.0,6.0,1.41,30.0,3.74,31.0
2701,Fabricación de aparatos de uso doméstico,C. Industria Manufacturera,"BCDEF. Minería, Industria, Electricidad, Saneamiento y Construcción","(0.9921568627450981, 0.7529411764705882, 0.5254901960784314, 1.0)","(0.8026, 0.7275, 0.6562, 1.0)","(0.7996, 0.7542, 0.6306, 1.0)",21.0,21.0,9.01,0.91,8.85,14.29,85.71,0.0,5.19,1.71,37.38,14.83,32.0
2709,Fabricación de otras maquinarias y equipos,C. Industria Manufacturera,"BCDEF. Minería, Industria, Electricidad, Saneamiento y Construcción","(0.9921568627450981, 0.7529411764705882, 0.5254901960784314, 1.0)","(0.8026, 0.7275, 0.6562, 1.0)","(0.7996, 0.7542, 0.6306, 1.0)",7.0,7.0,8.27,0.47,8.06,42.86,57.14,0.0,5.0,2.45,55.86,22.16,52.0
2800,Fabricación de maquinarias y equipos,C. Industria Manufacturera,"BCDEF. Minería, Industria, Electricidad, Saneamiento y Construcción","(0.9921568627450981, 0.7529411764705882, 0.5254901960784314, 1.0)","(0.8026, 0.7275, 0.6562, 1.0)","(0.7996, 0.7542, 0.6306, 1.0)",11.0,11.0,8.79,0.58,8.65,18.18,81.82,9.09,5.45,2.19,48.45,18.88,54.0
2900,Fabricación de vehículos automotores,C. Industria Manufacturera,"BCDEF. Minería, Industria, Electricidad, Saneamiento y Construcción","(0.9921568627450981, 0.7529411764705882, 0.5254901960784314, 1.0)","(0.8026, 0.7275, 0.6562, 1.0)","(0.7996, 0.7542, 0.6306, 1.0)",43.0,43.0,8.63,0.68,8.52,20.93,79.07,4.65,5.14,2.16,54.19,22.15,56.0
3001,Construcción de buques y otras embarcaciones,C. Industria Manufacturera,"BCDEF. Minería, Industria, Electricidad, Saneamiento y Construcción","(0.9921568627450981, 0.7529411764705882, 0.5254901960784314, 1.0)","(0.8026, 0.7275, 0.6562, 1.0)","(0.7996, 0.7542, 0.6306, 1.0)",6.0,6.0,8.92,0.36,8.85,16.67,83.33,33.33,5.17,2.19,33.0,12.64,33.5
3002,Fabricación de locomotoras y de material rodante para ferrocarriles y tranvías,C. Industria Manufacturera,"BCDEF. Minería, Industria, Electricidad, Saneamiento y Construcción","(0.9921568627450981, 0.7529411764705882, 0.5254901960784314, 1.0)","(0.8026, 0.7275, 0.6562, 1.0)","(0.7996, 0.7542, 0.6306, 1.0)",0.0,,,,,,,,,,,,
3003,Fabricación de aeronaves,C. Industria Manufacturera,"BCDEF. Minería, Industria, Electricidad, Saneamiento y Construcción","(0.9921568627450981, 0.7529411764705882, 0.5254901960784314, 1.0)","(0.8026, 0.7275, 0.6562, 1.0)","(0.7996, 0.7542, 0.6306, 1.0)",1.0,1.0,8.7,0.0,8.7,0.0,100.0,100.0,7.0,0.0,85.0,0.0,85.0
3009,Fabricación de otros equipos de transporte n.c.p.,C. Industria Manufacturera,"BCDEF. Minería, Industria, Electricidad, Saneamiento y Construcción","(0.9921568627450981, 0.7529411764705882, 0.5254901960784314, 1.0)","(0.8026, 0.7275, 0.6562, 1.0)","(0.7996, 0.7542, 0.6306, 1.0)",2.0,2.0,8.37,0.08,8.37,0.0,100.0,0.0,3.0,0.0,23.0,1.0,23.0
3100,Fabricación de muebles y colchones,C. Industria Manufacturera,"BCDEF. Minería, Industria, Electricidad, Saneamiento y Construcción","(0.9921568627450981, 0.7529411764705882, 0.5254901960784314, 1.0)","(0.8026, 0.7275, 0.6562, 1.0)","(0.7996, 0.7542, 0.6306, 1.0)",119.0,119.0,8.48,0.75,8.52,9.24,90.76,2.52,4.03,1.63,45.37,17.61,46.0
3200,Industrias manufactureras n.c.p,C. Industria Manufacturera,"BCDEF. Minería, Industria, Electricidad, Saneamiento y Construcción","(0.9921568627450981, 0.7529411764705882, 0.5254901960784314, 1.0)","(0.8026, 0.7275, 0.6562, 1.0)","(0.7996, 0.7542, 0.6306, 1.0)",58.0,58.0,8.45,0.89,8.59,46.55,53.45,3.45,5.21,2.17,42.93,19.18,37.0
3300,"Mantenimiento, reparación e instalación de maquinaria y equipo",C. Industria Manufacturera,"BCDEF. Minería, Industria, Electricidad, Saneamiento y Construcción","(0.9921568627450981, 0.7529411764705882, 0.5254901960784314, 1.0)","(0.8026, 0.7275, 0.6562, 1.0)","(0.7996, 0.7542, 0.6306, 1.0)",31.0,31.0,8.9,0.67,8.99,9.68,90.32,9.68,5.42,2.23,46.32,16.91,42.0
3501,"Generación, transmisión y distribución de energía eléctrica","D. Suministro de Electricidad, Gas, Vapor y Aire Acondicionado ","BCDEF. Minería, Industria, Electricidad, Saneamiento y Construcción","(0.9921568627450981, 0.7529411764705882, 0.5254901960784314, 1.0)","(0.9922, 0.7529, 0.5255, 1.0)","(0.7996, 0.7542, 0.6306, 1.0)",64.0,64.0,9.02,0.71,8.87,20.31,79.69,46.88,5.34,2.07,50.19,17.83,49.0
3502,Fabricación de gas,"D. Suministro de Electricidad, Gas, Vapor y Aire Acondicionado ","BCDEF. Minería, Industria, Electricidad, Saneamiento y Construcción","(0.9921568627450981, 0.7529411764705882, 0.5254901960784314, 1.0)","(0.9922, 0.7529, 0.5255, 1.0)","(0.7996, 0.7542, 0.6306, 1.0)",16.0,16.0,9.09,0.45,9.18,18.75,81.25,43.75,3.75,1.6,44.25,12.92,43.0
3600,"Captación, tratamiento y suministro de agua",E. Suministro De Agua,"BCDEF. Minería, Industria, Electricidad, Saneamiento y Construcción","(0.9921568627450981, 0.7529411764705882, 0.5254901960784314, 1.0)","(0.998, 0.9382, 0.5814, 1.0)","(0.7996, 0.7542, 0.6306, 1.0)",33.0,33.0,8.87,0.69,8.85,15.15,84.85,54.55,4.73,1.91,50.97,16.84,45.0
3700,Alcantarillado,E. Suministro De Agua,"BCDEF. Minería, Industria, Electricidad, Saneamiento y Construcción","(1.0, 1.0, 0.6, 1.0)","(0.998, 0.9382, 0.5814, 1.0)","(0.7996, 0.7542, 0.6306, 1.0)",2.0,2.0,8.12,0.04,8.12,0.0,100.0,100.0,3.0,1.0,62.0,17.0,62.0
3800,"Recolección, tratamiento y eliminación de desechos",E. Suministro De Agua,"BCDEF. Minería, Industria, Electricidad, Saneamiento y Construcción","(1.0, 1.0, 0.6, 1.0)","(0.998, 0.9382, 0.5814, 1.0)","(0.7996, 0.7542, 0.6306, 1.0)",66.0,66.0,8.23,1.11,8.44,16.67,83.33,40.91,3.32,1.68,39.64,15.04,37.5
3900,Actividades de saneamiento,E. Suministro De Agua,"BCDEF. Minería, Industria, Electricidad, Saneamiento y Construcción","(1.0, 1.0, 0.6, 1.0)","(0.998, 0.9382, 0.5814, 1.0)","(0.7996, 0.7542, 0.6306, 1.0)",4.0,4.0,8.65,0.46,8.67,25.0,75.0,50.0,4.75,1.92,48.25,18.99,47.0
4000,Construcción,F. Construcción,"BCDEF. Minería, Industria, Electricidad, Saneamiento y Construcción","(1.0, 1.0, 0.6, 1.0)","(1.0, 1.0, 0.6, 1.0)","(0.7996, 0.7542, 0.6306, 1.0)",1647.0,1647.0,8.33,0.83,8.35,3.28,96.72,6.62,3.82,1.57,40.16,16.74,37.0
4501,Venta de vehículos automotores,G. Comercio al por Mayor y al por Menor,"GI. Comercio, alojamiento y comidas","(1.0, 1.0, 0.6, 1.0)","(1.0, 1.0, 0.6, 1.0)","(0.8768, 0.909, 0.6142, 1.0)",55.0,55.0,8.61,0.89,8.73,23.64,76.36,0.0,5.35,2.1,42.38,14.91,40.0
4502,Reparación de vehículos,G. Comercio al por Mayor y al por Menor,"GI. Comercio, alojamiento y comidas","(1.0, 1.0, 0.6, 1.0)","(1.0, 1.0, 0.6, 1.0)","(0.8768, 0.909, 0.6142, 1.0)",309.0,309.0,8.35,0.85,8.51,5.5,94.5,0.0,4.05,1.53,42.12,18.05,41.0
4503,"Venta de partes, piezas y accesorios de vehículos",G. Comercio al por Mayor y al por Menor,"GI. Comercio, alojamiento y comidas","(1.0, 1.0, 0.6, 1.0)","(1.0, 1.0, 0.6, 1.0)","(0.8768, 0.909, 0.6142, 1.0)",38.0,38.0,8.82,0.66,8.8,13.16,86.84,0.0,5.05,1.83,44.68,13.79,43.5
4504,"Venta, mantenimiento y reparación de motocicletas",G. Comercio al por Mayor y al por Menor,"GI. Comercio, alojamiento y comidas","(1.0, 1.0, 0.6, 1.0)","(1.0, 1.0, 0.6, 1.0)","(0.8768, 0.909, 0.6142, 1.0)",52.0,52.0,7.98,1.0,7.94,3.85,96.15,0.0,3.56,1.26,35.9,17.61,30.0
4800,Comercio (general),G. Comercio al por Mayor y al por Menor,"GI. Comercio, alojamiento y comidas","(1.0, 1.0, 0.6, 1.0)","(1.0, 1.0, 0.6, 1.0)","(0.8768, 0.909, 0.6142, 1.0)",318.0,318.0,8.41,0.89,8.52,55.21,44.79,0.0,5.05,1.71,41.28,15.95,39.0
4801,Comercio de intermediación,G. Comercio al por Mayor y al por Menor,"GI. Comercio, alojamiento y comidas","(1.0, 1.0, 0.6, 1.0)","(1.0, 1.0, 0.6, 1.0)","(0.8768, 0.909, 0.6142, 1.0)",102.0,102.0,8.53,0.89,8.74,31.37,68.63,0.0,5.14,1.79,38.04,16.35,33.5
4802,Comercio de materias primas agropecuarias,G. Comercio al por Mayor y al por Menor,"GI. Comercio, alojamiento y comidas","(1.0, 1.0, 0.6, 1.0)","(1.0, 1.0, 0.6, 1.0)","(0.8768, 0.909, 0.6142, 1.0)",52.0,52.0,8.05,0.87,8.22,48.08,51.92,0.0,4.02,1.53,38.5,15.83,35.0
4803,Comercio alimentos/bebidas,G. Comercio al por Mayor y al por Menor,"GI. Comercio, alojamiento y comidas","(1.0, 1.0, 0.6, 1.0)","(1.0, 1.0, 0.6, 1.0)","(0.8768, 0.909, 0.6142, 1.0)",307.0,307.0,8.07,0.9,8.06,50.81,49.19,0.0,4.33,1.62,38.72,17.27,35.0
4804,Comercio textiles y avíos,G. Comercio al por Mayor y al por Menor,"GI. Comercio, alojamiento y comidas","(1.0, 1.0, 0.6, 1.0)","(1.0, 1.0, 0.6, 1.0)","(0.8768, 0.909, 0.6142, 1.0)",305.0,305.0,8.09,0.97,8.29,79.34,20.66,0.0,4.91,1.73,38.25,16.96,33.0
4805,Comercio de materiales de construcción,G. Comercio al por Mayor y al por Menor,"GI. Comercio, alojamiento y comidas","(1.0, 1.0, 0.6, 1.0)","(1.0, 1.0, 0.6, 1.0)","(0.8768, 0.909, 0.6142, 1.0)",70.0,70.0,8.6,0.68,8.7,20.0,80.0,0.0,4.71,1.96,45.73,17.19,46.5
4806,Comercio de combustibles para vehículos,G. Comercio al por Mayor y al por Menor,"GI. Comercio, alojamiento y comidas","(1.0, 1.0, 0.6, 1.0)","(1.0, 1.0, 0.6, 1.0)","(0.8768, 0.909, 0.6142, 1.0)",55.0,55.0,8.74,0.56,8.85,29.09,70.91,5.45,4.87,1.58,41.13,16.1,38.0
4807,Comercio mercaderías n.c.p.,G. Comercio al por Mayor y al por Menor,"GI. Comercio, alojamiento y comidas","(1.0, 1.0, 0.6, 1.0)","(1.0, 1.0, 0.6, 1.0)","(0.8768, 0.909, 0.6142, 1.0)",290.0,290.0,8.36,0.91,8.48,51.38,48.62,0.0,5.23,1.91,44.48,17.22,44.0
4808,Tiendas no especializadas,G. Comercio al por Mayor y al por Menor,"GI. Comercio, alojamiento y comidas","(1.0, 1.0, 0.6, 1.0)","(1.0, 1.0, 0.6, 1.0)","(0.8768, 0.909, 0.6142, 1.0)",552.0,552.0,8.32,0.89,8.42,61.96,38.04,0.0,4.41,1.68,41.04,16.66,39.0
4809,Tiendas no especializadas sin predomina,G. Comercio al por Mayor y al por Menor,"GI. Comercio, alojamiento y comidas","(1.0, 1.0, 0.6, 1.0)","(1.0, 1.0, 0.6, 1.0)","(0.8768, 0.909, 0.6142, 1.0)",86.0,86.0,8.25,0.98,8.32,51.16,48.84,0.0,5.26,2.08,41.98,16.38,40.0
4810,Venta al por menor en puestos móviles y,G. Comercio al por Mayor y al por Menor,"GI. Comercio, alojamiento y comidas","(1.0, 1.0, 0.6, 1.0)","(1.0, 1.0, 0.6, 1.0)","(0.8768, 0.909, 0.6142, 1.0)",108.0,108.0,7.91,0.94,8.01,49.07,50.93,0.0,3.94,1.53,43.93,15.94,43.0
4811,Venta al por menor por correo o televisión,G. Comercio al por Mayor y al por Menor,"GI. Comercio, alojamiento y comidas","(1.0, 1.0, 0.6, 1.0)","(1.0, 1.0, 0.6, 1.0)","(0.8768, 0.909, 0.6142, 1.0)",36.0,36.0,7.38,1.07,7.34,77.78,22.22,0.0,4.39,2.07,40.5,13.13,37.0
4900,Transporte (general),H. Transporte y Almacenamiento,H. Transporte y Almacenamiento,"(0.2196078431372549, 0.4235294117647059, 0.6901960784313725, 1.0)","(0.2196, 0.4235, 0.6902, 1.0)","(0.2196, 0.4235, 0.6902, 1.0)",12.0,12.0,9.21,0.74,9.05,25.0,75.0,0.0,5.08,1.55,39.5,8.66,39.0
4901,Transporte ferroviario,H. Transporte y Almacenamiento,H. Transporte y Almacenamiento,"(0.2196078431372549, 0.4235294117647059, 0.6901960784313725, 1.0)","(0.2196, 0.4235, 0.6902, 1.0)","(0.2196, 0.4235, 0.6902, 1.0)",47.0,47.0,8.78,0.58,8.74,2.13,97.87,74.47,4.23,1.92,62.17,18.73,66.0
4902,Transporte por metro,H. Transporte y Almacenamiento,H. Transporte y Almacenamiento,"(0.2196078431372549, 0.4235294117647059, 0.6901960784313725, 1.0)","(0.2196, 0.4235, 0.6902, 1.0)","(0.2196, 0.4235, 0.6902, 1.0)",1.0,1.0,8.99,0.0,8.99,0.0,100.0,0.0,5.0,0.0,42.0,0.0,42.0
4903,Transporte de pasajeros,H. Transporte y Almacenamiento,H. Transporte y Almacenamiento,"(0.2196078431372549, 0.4235294117647059, 0.6901960784313725, 1.0)","(0.2196, 0.4235, 0.6902, 1.0)","(0.2196, 0.4235, 0.6902, 1.0)",328.0,328.0,8.63,0.82,8.7,8.23,91.77,6.71,4.3,1.46,46.15,14.53,46.0
4904,Transporte automotor de cargas,H. Transporte y Almacenamiento,H. Transporte y Almacenamiento,"(0.2196078431372549, 0.4235294117647059, 0.6901960784313725, 1.0)","(0.2196, 0.4235, 0.6902, 1.0)","(0.2196, 0.4235, 0.6902, 1.0)",221.0,221.0,8.81,0.82,8.85,4.98,95.02,6.33,3.87,1.41,47.36,16.55,48.0
4909,Transporte terrestre n.c.p.,H. Transporte y Almacenamiento,H. Transporte y Almacenamiento,"(0.2196078431372549, 0.4235294117647059, 0.6901960784313725, 1.0)","(0.2196, 0.4235, 0.6902, 1.0)","(0.2196, 0.4235, 0.6902, 1.0)",1.0,1.0,9.21,0.0,9.21,0.0,100.0,0.0,6.0,0.0,20.0,0.0,20.0
5000,Transporte por vía acuática,H. Transporte y Almacenamiento,H. Transporte y Almacenamiento,"(0.2196078431372549, 0.4235294117647059, 0.6901960784313725, 1.0)","(0.2196, 0.4235, 0.6902, 1.0)","(0.2196, 0.4235, 0.6902, 1.0)",16.0,16.0,9.07,0.78,9.05,12.5,87.5,25.0,4.62,2.42,56.75,18.7,59.5
5100,Transporte aéreo,H. Transporte y Almacenamiento,H. Transporte y Almacenamiento,"(0.2196078431372549, 0.4235294117647059, 0.6901960784313725, 1.0)","(0.2196, 0.4235, 0.6902, 1.0)","(0.2196, 0.4235, 0.6902, 1.0)",17.0,17.0,9.24,0.82,9.39,41.18,58.82,47.06,5.94,1.83,49.59,17.49,49.0
5201,Depósito y almacenamiento,H. Transporte y Almacenamiento,H. Transporte y Almacenamiento,"(0.2196078431372549, 0.4235294117647059, 0.6901960784313725, 1.0)","(0.2196, 0.4235, 0.6902, 1.0)","(0.2196, 0.4235, 0.6902, 1.0)",58.0,58.0,8.63,0.78,8.7,22.41,77.59,10.34,4.53,1.57,39.59,15.67,36.5
5202,Servicios auxiliares al transporte,H. Transporte y Almacenamiento,H. Transporte y Almacenamiento,"(0.2196078431372549, 0.4235294117647059, 0.6901960784313725, 1.0)","(0.2196, 0.4235, 0.6902, 1.0)","(0.2196, 0.4235, 0.6902, 1.0)",39.0,39.0,8.57,0.78,8.52,35.9,64.1,20.51,4.92,2.0,43.46,19.72,39.0
5300,Correo y servicio de mensajería,H. Transporte y Almacenamiento,H. Transporte y Almacenamiento,"(0.2196078431372549, 0.4235294117647059, 0.6901960784313725, 1.0)","(0.2196, 0.4235, 0.6902, 1.0)","(0.2196, 0.4235, 0.6902, 1.0)",61.0,61.0,8.42,0.89,8.57,14.75,85.25,42.62,4.57,1.79,45.89,19.65,42.0
5500,"Servicios de alojamiento en hoteles, campamentos y otros hospedajes temporales",I. Alojamiento y Servicios de Comidas,"GI. Comercio, alojamiento y comidas","(0.2196078431372549, 0.4235294117647059, 0.6901960784313725, 1.0)","(0.2196, 0.4235, 0.6902, 1.0)","(0.8768, 0.909, 0.6142, 1.0)",81.0,81.0,8.3,0.93,8.52,61.73,38.27,8.64,4.32,1.91,47.32,18.82,46.0
5601,Expendio comidas/bebidas,I. Alojamiento y Servicios de Comidas,"GI. Comercio, alojamiento y comidas","(0.2196078431372549, 0.4235294117647059, 0.6901960784313725, 1.0)","(0.2196, 0.4235, 0.6902, 1.0)","(0.8768, 0.909, 0.6142, 1.0)",516.0,516.0,8.17,0.94,8.24,59.69,40.31,2.71,4.76,1.86,36.72,16.68,32.0
5602,Expendio comidas/bebidas,I. Alojamiento y Servicios de Comidas,"GI. Comercio, alojamiento y comidas","(0.2196078431372549, 0.4235294117647059, 0.6901960784313725, 1.0)","(0.2196, 0.4235, 0.6902, 1.0)","(0.8768, 0.909, 0.6142, 1.0)",17.0,17.0,7.93,0.91,8.15,52.94,47.06,0.0,3.29,1.36,39.35,15.62,39.0
5800,"Edición de libros, periódicos y otras publicaciones",J. Información y Comunicación,"JKLMNOPQRS. Servicios, adm. pública, educación y salud","(0.2196078431372549, 0.4235294117647059, 0.6901960784313725, 1.0)","(0.5804, 0.2157, 0.5941, 1.0)","(0.6199, 0.3013, 0.3398, 1.0)",20.0,20.0,8.66,0.57,8.7,50.0,50.0,20.0,7.1,1.73,45.0,13.63,38.5
5900,Actividades cinematográficas,J. Información y Comunicación,"JKLMNOPQRS. Servicios, adm. pública, educación y salud","(0.2196078431372549, 0.4235294117647059, 0.6901960784313725, 1.0)","(0.5804, 0.2157, 0.5941, 1.0)","(0.6199, 0.3013, 0.3398, 1.0)",23.0,23.0,8.83,0.68,8.85,17.39,82.61,30.43,6.26,2.27,39.52,17.22,36.0
6000,Actividades de programación y difusión,J. Información y Comunicación,"JKLMNOPQRS. Servicios, adm. pública, educación y salud","(0.2196078431372549, 0.4235294117647059, 0.6901960784313725, 1.0)","(0.5804, 0.2157, 0.5941, 1.0)","(0.6199, 0.3013, 0.3398, 1.0)",19.0,19.0,8.58,0.87,8.58,42.11,57.89,15.79,6.11,1.97,43.74,17.27,38.0
6100,Telecomunicaciones,J. Información y Comunicación,"JKLMNOPQRS. Servicios, adm. pública, educación y salud","(0.9411764705882353, 0.00784313725490196, 0.4980392156862745, 1.0)","(0.5804, 0.2157, 0.5941, 1.0)","(0.6199, 0.3013, 0.3398, 1.0)",68.0,68.0,8.78,0.74,8.89,48.53,51.47,10.29,5.63,1.92,42.0,17.0,36.0
6200,Actividades de programación y consultoría informática,J. Información y Comunicación,"JKLMNOPQRS. Servicios, adm. pública, educación y salud","(0.9411764705882353, 0.00784313725490196, 0.4980392156862745, 1.0)","(0.5804, 0.2157, 0.5941, 1.0)","(0.6199, 0.3013, 0.3398, 1.0)",24.0,24.0,8.97,0.89,9.21,25.0,75.0,0.0,8.0,1.26,34.92,8.28,32.0
6300,Actividades de servicios de información,J. Información y Comunicación,"JKLMNOPQRS. Servicios, adm. pública, educación y salud","(0.9411764705882353, 0.00784313725490196, 0.4980392156862745, 1.0)","(0.5804, 0.2157, 0.5941, 1.0)","(0.6199, 0.3013, 0.3398, 1.0)",27.0,27.0,8.99,0.54,8.99,29.63,70.37,18.52,7.52,1.5,38.26,14.52,33.0
6400,Intermediación financiera,K. Actividades Financieras y de Seguros,"JKLMNOPQRS. Servicios, adm. pública, educación y salud","(0.9411764705882353, 0.00784313725490196, 0.4980392156862745, 1.0)","(0.9412, 0.0078, 0.498, 1.0)","(0.6199, 0.3013, 0.3398, 1.0)",149.0,149.0,9.08,0.72,9.13,45.64,54.36,31.54,6.11,1.86,49.23,17.55,50.0
6500,"Seguros, reaseguros y fondos de pensiones",K. Actividades Financieras y de Seguros,"JKLMNOPQRS. Servicios, adm. pública, educación y salud","(0.9411764705882353, 0.00784313725490196, 0.4980392156862745, 1.0)","(0.9412, 0.0078, 0.498, 1.0)","(0.6199, 0.3013, 0.3398, 1.0)",42.0,42.0,8.81,0.76,9.02,45.24,54.76,9.52,6.4,1.76,47.02,17.23,48.0
6600,Actividades auxiliares a los servicios,K. Actividades Financieras y de Seguros,"JKLMNOPQRS. Servicios, adm. pública, educación y salud","(0.9411764705882353, 0.00784313725490196, 0.4980392156862745, 1.0)","(0.9412, 0.0078, 0.498, 1.0)","(0.6199, 0.3013, 0.3398, 1.0)",0.0,,,,,,,,,,,,
6800,Actividades inmobiliarias,L. Actividades Inmobiliarias,"JKLMNOPQRS. Servicios, adm. pública, educación y salud","(0.9411764705882353, 0.00784313725490196, 0.4980392156862745, 1.0)","(0.9412, 0.0078, 0.498, 1.0)","(0.6199, 0.3013, 0.3398, 1.0)",36.0,36.0,8.8,1.02,8.78,38.89,61.11,2.78,6.47,2.03,53.08,17.37,57.5
6900,Actividades jurídicas y de contabilidad,"M. Actividades Profesionales, Científicas y Técnicas ","JKLMNOPQRS. Servicios, adm. pública, educación y salud","(0.9411764705882353, 0.00784313725490196, 0.4980392156862745, 1.0)","(0.8451, 0.1824, 0.2941, 1.0)","(0.6199, 0.3013, 0.3398, 1.0)",216.0,216.0,9.01,0.86,8.99,55.56,44.44,0.46,7.85,1.73,44.39,15.69,42.0
7000,Actividades de servicios de consultoría,"M. Actividades Profesionales, Científicas y Técnicas ","JKLMNOPQRS. Servicios, adm. pública, educación y salud","(0.9411764705882353, 0.00784313725490196, 0.4980392156862745, 1.0)","(0.8451, 0.1824, 0.2941, 1.0)","(0.6199, 0.3013, 0.3398, 1.0)",10.0,10.0,8.95,0.63,9.06,50.0,50.0,10.0,7.8,1.83,50.0,15.54,56.5
7100,Servicios de arquitectura e ingeniería,"M. Actividades Profesionales, Científicas y Técnicas ","JKLMNOPQRS. Servicios, adm. pública, educación y salud","(0.9411764705882353, 0.00784313725490196, 0.4980392156862745, 1.0)","(0.8451, 0.1824, 0.2941, 1.0)","(0.6199, 0.3013, 0.3398, 1.0)",70.0,70.0,9.3,0.83,9.32,31.43,68.57,18.57,8.61,0.8,45.8,16.74,41.5
7200,Investigación y desarrollo,"M. Actividades Profesionales, Científicas y Técnicas ","JKLMNOPQRS. Servicios, adm. pública, educación y salud","(0.9411764705882353, 0.00784313725490196, 0.4980392156862745, 1.0)","(0.8451, 0.1824, 0.2941, 1.0)","(0.6199, 0.3013, 0.3398, 1.0)",27.0,27.0,9.33,0.7,9.49,40.74,59.26,77.78,7.7,2.0,46.33,15.51,45.0
7301,Actividades publicitarias,"M. Actividades Profesionales, Científicas y Técnicas ","JKLMNOPQRS. Servicios, adm. pública, educación y salud","(0.7490196078431373, 0.3568627450980392, 0.09019607843137253, 1.0)","(0.8451, 0.1824, 0.2941, 1.0)","(0.6199, 0.3013, 0.3398, 1.0)",20.0,20.0,8.36,1.4,8.75,35.0,65.0,0.0,6.1,2.07,36.75,15.7,31.5
7302,Investigación de mercados y encuestas de opinión pública,"M. Actividades Profesionales, Científicas y Técnicas ","JKLMNOPQRS. Servicios, adm. pública, educación y salud","(0.7490196078431373, 0.3568627450980392, 0.09019607843137253, 1.0)","(0.8451, 0.1824, 0.2941, 1.0)","(0.6199, 0.3013, 0.3398, 1.0)",6.0,6.0,8.71,0.55,8.78,33.33,66.67,0.0,7.5,1.71,36.33,13.21,34.5
7400,"Otras actividades profesionales, científicas y técnicas","M. Actividades Profesionales, Científicas y Técnicas ","JKLMNOPQRS. Servicios, adm. pública, educación y salud","(0.7490196078431373, 0.3568627450980392, 0.09019607843137253, 1.0)","(0.8451, 0.1824, 0.2941, 1.0)","(0.6199, 0.3013, 0.3398, 1.0)",59.0,59.0,8.66,0.66,8.74,52.54,47.46,6.78,6.63,2.17,42.39,14.53,39.0
7500,Actividades veterinarias,"M. Actividades Profesionales, Científicas y Técnicas ","JKLMNOPQRS. Servicios, adm. pública, educación y salud","(0.7490196078431373, 0.3568627450980392, 0.09019607843137253, 1.0)","(0.8451, 0.1824, 0.2941, 1.0)","(0.6199, 0.3013, 0.3398, 1.0)",20.0,20.0,9.32,0.88,9.14,65.0,35.0,10.0,7.9,1.81,43.25,14.71,40.5
7701,Alquiler de efectos personales y domésticos,N. Actividades Administrativas y Servicios de Apoyo,"JKLMNOPQRS. Servicios, adm. pública, educación y salud","(0.7490196078431373, 0.3568627450980392, 0.09019607843137253, 1.0)","(0.749, 0.3569, 0.0902, 1.0)","(0.6199, 0.3013, 0.3398, 1.0)",3.0,3.0,9.02,1.09,9.21,66.67,33.33,0.0,6.33,1.7,31.33,6.85,27.0
7702,Alquiler de vehículos de transporte,N. Actividades Administrativas y Servicios de Apoyo,"JKLMNOPQRS. Servicios, adm. pública, educación y salud","(0.7490196078431373, 0.3568627450980392, 0.09019607843137253, 1.0)","(0.749, 0.3569, 0.0902, 1.0)","(0.6199, 0.3013, 0.3398, 1.0)",6.0,6.0,8.5,1.37,8.23,0.0,100.0,0.0,5.0,2.16,42.33,14.01,41.5
7800,Actividades relacionadas con el suministro de personal,N. Actividades Administrativas y Servicios de Apoyo,"JKLMNOPQRS. Servicios, adm. pública, educación y salud","(0.7490196078431373, 0.3568627450980392, 0.09019607843137253, 1.0)","(0.749, 0.3569, 0.0902, 1.0)","(0.6199, 0.3013, 0.3398, 1.0)",9.0,9.0,9.66,0.45,9.43,44.44,55.56,0.0,7.0,1.76,31.44,7.69,30.0
7900,Agencias de viajes y operadores turísticos,N. Actividades Administrativas y Servicios de Apoyo,"JKLMNOPQRS. Servicios, adm. pública, educación y salud","(0.7490196078431373, 0.3568627450980392, 0.09019607843137253, 1.0)","(0.749, 0.3569, 0.0902, 1.0)","(0.6199, 0.3013, 0.3398, 1.0)",23.0,23.0,8.78,0.43,8.85,47.83,52.17,17.39,6.48,2.38,47.0,13.78,47.0
8000,Actividades de investigación y seguridad,N. Actividades Administrativas y Servicios de Apoyo,"JKLMNOPQRS. Servicios, adm. pública, educación y salud","(0.7490196078431373, 0.3568627450980392, 0.09019607843137253, 1.0)","(0.749, 0.3569, 0.0902, 1.0)","(0.6199, 0.3013, 0.3398, 1.0)",91.0,91.0,8.53,0.85,8.74,9.89,90.11,12.09,4.4,1.67,40.33,14.11,39.0
8101,Servicios de apoyo a edificios,N. Actividades Administrativas y Servicios de Apoyo,"JKLMNOPQRS. Servicios, adm. pública, educación y salud","(0.7490196078431373, 0.3568627450980392, 0.09019607843137253, 1.0)","(0.749, 0.3569, 0.0902, 1.0)","(0.6199, 0.3013, 0.3398, 1.0)",237.0,237.0,8.47,0.78,8.68,41.77,58.23,40.51,4.01,1.55,44.51,14.88,46.0
8102,Servicios de paisajismo y jardinería,N. Actividades Administrativas y Servicios de Apoyo,"JKLMNOPQRS. Servicios, adm. pública, educación y salud","(0.7490196078431373, 0.3568627450980392, 0.09019607843137253, 1.0)","(0.749, 0.3569, 0.0902, 1.0)","(0.6199, 0.3013, 0.3398, 1.0)",97.0,97.0,7.76,1.05,7.82,11.34,88.66,9.28,3.75,1.65,36.97,16.65,36.0
8200,Actividades administrativas de oficinas,N. Actividades Administrativas y Servicios de Apoyo,"JKLMNOPQRS. Servicios, adm. pública, educación y salud","(0.7490196078431373, 0.3568627450980392, 0.09019607843137253, 1.0)","(0.749, 0.3569, 0.0902, 1.0)","(0.6199, 0.3013, 0.3398, 1.0)",135.0,135.0,8.4,0.81,8.52,51.11,48.89,2.96,5.06,2.19,41.02,16.66,38.0
8400,Administración Pública y Defensa; Planes de Seguro Social Obligatorio,O. Administración Pública y Defensa,"JKLMNOPQRS. Servicios, adm. pública, educación y salud","(0.7490196078431373, 0.3568627450980392, 0.09019607843137253, 1.0)","(0.749, 0.3569, 0.0902, 1.0)","(0.6199, 0.3013, 0.3398, 1.0)",8.0,8.0,9.1,0.78,9.07,50.0,50.0,87.5,7.75,1.3,56.38,14.33,59.5
8401,Administración pública,O. Administración Pública y Defensa,"JKLMNOPQRS. Servicios, adm. pública, educación y salud","(0.7490196078431373, 0.3568627450980392, 0.09019607843137253, 1.0)","(0.749, 0.3569, 0.0902, 1.0)","(0.6199, 0.3013, 0.3398, 1.0)",700.0,700.0,8.69,0.85,8.7,45.71,54.29,99.86,5.72,2.27,47.84,16.07,48.0
8402,Seguridad pública,O. Administración Pública y Defensa,"JKLMNOPQRS. Servicios, adm. pública, educación y salud","(0.7490196078431373, 0.3568627450980392, 0.09019607843137253, 1.0)","(0.749, 0.3569, 0.0902, 1.0)","(0.6199, 0.3013, 0.3398, 1.0)",299.0,299.0,8.92,0.68,9.02,22.74,77.26,99.67,5.36,1.73,43.38,16.37,40.0
8403,Servicios de la seguridad social obligatoria,O. Administración Pública y Defensa,"JKLMNOPQRS. Servicios, adm. pública, educación y salud","(0.7490196078431373, 0.3568627450980392, 0.09019607843137253, 1.0)","(0.749, 0.3569, 0.0902, 1.0)","(0.6199, 0.3013, 0.3398, 1.0)",6.0,6.0,9.53,0.8,9.62,0.0,100.0,100.0,7.0,1.53,34.33,9.81,34.5
8501,Enseñanza,P. Enseñanza,"JKLMNOPQRS. Servicios, adm. pública, educación y salud","(0.4, 0.4, 0.4, 1.0)","(0.4, 0.4, 0.4, 1.0)","(0.6199, 0.3013, 0.3398, 1.0)",1320.0,1320.0,8.75,0.74,8.75,77.12,22.88,78.71,6.82,1.77,48.57,15.55,47.0
8509,Otros tipos de enseñanza,P. Enseñanza,"JKLMNOPQRS. Servicios, adm. pública, educación y salud","(0.4, 0.4, 0.4, 1.0)","(0.4, 0.4, 0.4, 1.0)","(0.6199, 0.3013, 0.3398, 1.0)",74.0,74.0,8.5,0.99,8.7,68.92,31.08,27.03,6.68,1.83,37.39,15.55,32.0
8600,Atención de la salud,Q. Salud Humana y Servicios Sociales,"JKLMNOPQRS. Servicios, adm. pública, educación y salud","(0.4, 0.4, 0.4, 1.0)","(0.4, 0.4, 0.4, 1.0)","(0.6199, 0.3013, 0.3398, 1.0)",731.0,731.0,8.76,0.83,8.83,72.64,27.36,46.92,6.54,2.24,48.63,15.97,48.0
8700,Asistencia social,Q. Salud Humana y Servicios Sociales,"JKLMNOPQRS. Servicios, adm. pública, educación y salud","(0.4, 0.4, 0.4, 1.0)","(0.4, 0.4, 0.4, 1.0)","(0.6199, 0.3013, 0.3398, 1.0)",79.0,79.0,8.27,0.74,8.29,88.61,11.39,36.71,4.44,2.04,47.72,15.98,46.0
8800,Servicios sociales sin alojamiento,Q. Salud Humana y Servicios Sociales,"JKLMNOPQRS. Servicios, adm. pública, educación y salud","(0.4, 0.4, 0.4, 1.0)","(0.4, 0.4, 0.4, 1.0)","(0.6199, 0.3013, 0.3398, 1.0)",58.0,58.0,8.28,0.8,8.24,93.1,6.9,51.72,5.71,2.24,43.93,15.24,44.0
9000,Actividades artísticas y de espectáculo,"R. Artes, Entretenimiento y Recreación ","JKLMNOPQRS. Servicios, adm. pública, educación y salud","(0.4, 0.4, 0.4, 1.0)","(0.4, 0.4, 0.4, 1.0)","(0.6199, 0.3013, 0.3398, 1.0)",65.0,65.0,8.46,0.91,8.51,43.08,56.92,15.38,5.88,1.88,39.75,18.12,35.0
9100,Actividades de bibliotecas y archivos,"R. Artes, Entretenimiento y Recreación ","JKLMNOPQRS. Servicios, adm. pública, educación y salud","(0.4, 0.4, 0.4, 1.0)","(0.4, 0.4, 0.4, 1.0)","(0.6199, 0.3013, 0.3398, 1.0)",17.0,17.0,8.52,1.25,8.71,64.71,35.29,64.71,6.24,1.66,36.82,13.93,38.0
9200,Actividades de juegos de azar y apuesta,"R. Artes, Entretenimiento y Recreación ","JKLMNOPQRS. Servicios, adm. pública, educación y salud","(0.4, 0.4, 0.4, 1.0)","(0.4, 0.4, 0.4, 1.0)","(0.6199, 0.3013, 0.3398, 1.0)",66.0,66.0,8.54,0.89,8.54,50.0,50.0,4.55,5.12,1.48,39.17,16.93,34.5
9301,Actividades para la práctica deportiva,"R. Artes, Entretenimiento y Recreación ","JKLMNOPQRS. Servicios, adm. pública, educación y salud","(0.4, 0.4, 0.4, 1.0)","(0.4, 0.4, 0.4, 1.0)","(0.6199, 0.3013, 0.3398, 1.0)",70.0,70.0,8.42,0.9,8.52,32.86,67.14,22.86,5.17,2.05,38.31,17.09,36.0
9302,Actividades de entretenimiento n.c.p.,"R. Artes, Entretenimiento y Recreación ","JKLMNOPQRS. Servicios, adm. pública, educación y salud","(0.4, 0.4, 0.4, 1.0)","(0.4, 0.4, 0.4, 1.0)","(0.6199, 0.3013, 0.3398, 1.0)",70.0,70.0,7.93,0.84,8.01,52.86,47.14,10.0,5.2,2.06,34.97,14.15,32.0
9401,Actividades de organizaciones empresariales y de empleadores,S. Otras Actividades de Servicios,"JKLMNOPQRS. Servicios, adm. pública, educación y salud","(0.4, 0.4, 0.4, 1.0)","(0.4, 0.4, 0.4, 1.0)","(0.6199, 0.3013, 0.3398, 1.0)",11.0,11.0,8.76,0.93,9.09,27.27,72.73,18.18,6.27,1.81,43.09,13.61,45.0
9402,Actividades de sindicatos,S. Otras Actividades de Servicios,"JKLMNOPQRS. Servicios, adm. pública, educación y salud","(0.4, 0.4, 0.4, 1.0)","(0.4, 0.4, 0.4, 1.0)","(0.6199, 0.3013, 0.3398, 1.0)",13.0,13.0,8.81,0.77,8.7,38.46,61.54,30.77,5.62,2.4,54.77,17.41,51.0
9409,Actividades de asociaciones n.c.p.,S. Otras Actividades de Servicios,"JKLMNOPQRS. Servicios, adm. pública, educación y salud","(0.4, 0.4, 0.4, 1.0)","(0.4, 0.4, 0.4, 1.0)","(0.6199, 0.3013, 0.3398, 1.0)",25.0,25.0,7.99,0.76,8.1,60.0,40.0,16.0,5.88,2.05,44.2,16.61,44.0
9501,Reparación de equipos informáticos,S. Otras Actividades de Servicios,"JKLMNOPQRS. Servicios, adm. pública, educación y salud","(0.4, 0.4, 0.4, 1.0)","(0.4, 0.4, 0.4, 1.0)","(0.6199, 0.3013, 0.3398, 1.0)",23.0,23.0,8.62,0.87,8.56,4.35,95.65,13.04,6.65,1.63,34.04,13.3,28.0
9502,Reparación de equipos de comunicación,S. Otras Actividades de Servicios,"JKLMNOPQRS. Servicios, adm. pública, educación y salud","(0.4, 0.4, 0.4, 1.0)","(0.4, 0.4, 0.4, 1.0)","(0.6199, 0.3013, 0.3398, 1.0)",4.0,4.0,8.41,0.87,8.01,25.0,75.0,25.0,6.0,2.0,35.75,22.32,25.5
9503,Reparación de efectos de uso personal y doméstico,S. Otras Actividades de Servicios,"JKLMNOPQRS. Servicios, adm. pública, educación y salud","(0.4, 0.4, 0.4, 1.0)","(0.4, 0.4, 0.4, 1.0)","(0.6199, 0.3013, 0.3398, 1.0)",141.0,141.0,8.07,0.88,8.19,53.57,46.43,3.55,4.23,1.68,50.43,17.88,49.0
9601,Lavado y limpieza de artículos de tela,S. Otras Actividades de Servicios,"JKLMNOPQRS. Servicios, adm. pública, educación y salud","(0.4, 0.4, 0.4, 1.0)","(0.4, 0.4, 0.4, 1.0)","(0.6199, 0.3013, 0.3398, 1.0)",28.0,28.0,8.1,1.22,8.06,78.57,21.43,3.57,4.18,2.22,48.14,15.84,51.0
9602,Servicios de peluquería y tratamientos,S. Otras Actividades de Servicios,"JKLMNOPQRS. Servicios, adm. pública, educación y salud","(0.4, 0.4, 0.4, 1.0)","(0.4, 0.4, 0.4, 1.0)","(0.6199, 0.3013, 0.3398, 1.0)",138.0,138.0,8.16,0.9,8.29,86.23,13.77,1.45,4.67,1.62,45.43,16.42,45.0
9603,Pompas fúnebres y servicios conexos,S. Otras Actividades de Servicios,"JKLMNOPQRS. Servicios, adm. pública, educación y salud","(0.4, 0.4, 0.4, 1.0)","(0.4, 0.4, 0.4, 1.0)","(0.6199, 0.3013, 0.3398, 1.0)",14.0,14.0,8.54,0.64,8.69,35.71,64.29,35.71,4.29,1.58,51.64,21.3,57.0
9609,Servicios personales n.c.p.,S. Otras Actividades de Servicios,"JKLMNOPQRS. Servicios, adm. pública, educación y salud","(0.4, 0.4, 0.4, 1.0)","(0.4, 0.4, 0.4, 1.0)","(0.6199, 0.3013, 0.3398, 1.0)",37.0,37.0,8.08,0.79,8.16,38.89,61.11,2.7,3.89,1.48,40.95,19.07,35.0
9700,Actividades de hogares,T. Actividades de los Hogares como Empleadores de Personal Doméstico,T. Empleo doméstico,"(0.4, 0.4, 0.4, 1.0)","(0.4, 0.4, 0.4, 1.0)","(0.4, 0.4, 0.4, 1.0)",1729.0,1729.0,7.83,0.85,7.92,96.18,3.82,0.0,3.63,1.54,44.57,17.37,43.0
